ts,schema_version,market_id,now,market_end_ts,official_required_venue,official_used_venue,official_used_endpoint,venue,symbol,official_mid,official_ok,official_err,official_age_ms,pm_yes_bid,pm_yes_ask,pm_no_bid,pm_no_ask,book_ok,book_err,pm_book_age_ms,implied_yes,implied_no,fair_up_prob,edge_yes,edge_no,edge_gross_bps,edge_net_bps,spread_bps,depth_total,market_class,required_symbol,rules_end_ts,end_ts_source,regime,action,reason,filter_reason,microstructure_flags,daily_pnl,daily_loss,total_loss,open_markets,kill_switch,params_hash,fill_mode,fill_feasible,fill_slippage_cents,fill_depth_required,fill_depth_used,arb_cost_cents,arb_cost_cents_conservative,arb_edge_cents,arb_edge_cents_conservative
1768010690593,v1.1,KXBTC2026250-27JAN01-250000,1768010690593,0,,,,KALSHI,KXBTC2026250-27JAN01-250000,,False,,,,,,,True,,,,,,,,,,0.0,0.0,,,,,,NO_TRADE,BOOK_SANITY,BOOK_SANITY: yes_levels=6 no_levels=34 yes_bid=6 no_bid=93,"[""BOOK_SANITY: yes_levels=6 no_levels=34 yes_bid=6 no_bid=93""]",0.0,0.0,0.0,0,False,,,,,,,,,,
1768010690593,v1.1,KXBTC2026250-27JAN01-250000,1768010690593,1798779600000,UNKNOWN,UNKNOWN,,KALSHI,KXBTC2026250-27JAN01-250000,,False,RESOLUTION_UNKNOWN,0,0.06,0.07,,,True,,0,,,,,,,,1666.666666666668,0.0,KALSHI_PRICE_THRESHOLD,BTC-USD,,VENUE,,NO_TRADE,BOOK_TOKEN_NOT_FOUND,BOOK_TOKEN_NOT_FOUND,[],0.0,0.0,0.0,0,False,,,,,,,,,,
1768010692884,v1.1,KXBTC2026250-27JAN01-250000,1768010692884,1798779600000,UNKNOWN,UNKNOWN,,KALSHI,KXBTC2026250-27JAN01-250000,,False,RESOLUTION_UNKNOWN,0,0.06,0.07,,,True,,0,,,,,,,,1666.666666666668,0.0,KALSHI_PRICE_THRESHOLD,BTC-USD,,VENUE,,NO_TRADE,COOLDOWN,COOLDOWN,[],0.0,0.0,0.0,0,False,,,,,,,,,,
1768010694171,v1.1,KXBTC2026250-27JAN01-250000,1768010694171,1798779600000,UNKNOWN,UNKNOWN,,KALSHI,KXBTC2026250-27JAN01-250000,,False,RESOLUTION_UNKNOWN,0,0.06,0.07,,,True,,0,,,,,,,,1666.666666666668,0.0,KALSHI_PRICE_THRESHOLD,BTC-USD,,VENUE,,NO_TRADE,COOLDOWN,COOLDOWN,[],0.0,0.0,0.0,0,False,,,,,,,,,,
1768010695387,v1.1,KXBTC2026250-27JAN01-250000,1768010695387,1798779600000,UNKNOWN,UNKNOWN,,KALSHI,KXBTC2026250-27JAN01-250000,,False,RESOLUTION_UNKNOWN,0,0.06,0.07,,,True,,0,,,,,,,,1666.666666666668,0.0,KALSHI_PRICE_THRESHOLD,BTC-USD,,VENUE,,NO_TRADE,COOLDOWN,COOLDOWN,[],0.0,0.0,0.0,0,False,,,,,,,,,,
1768010696590,v1.1,KXBTC2026250-27JAN01-250000,1768010696590,1798779600000,UNKNOWN,UNKNOWN,,KALSHI,KXBTC2026250-27JAN01-250000,,False,RESOLUTION_UNKNOWN,0,0.06,0.07,,,True,,0,,,,,,,,1666.666666666668,0.0,KALSHI_PRICE_THRESHOLD,BTC-USD,,VENUE,,NO_TRADE,COOLDOWN,COOLDOWN,[],0.0,0.0,0.0,0,False,,,,,,,,,,
1768010697817,v1.1,KXBTC2026250-27JAN01-250000,1768010697817,1798779600000,UNKNOWN,UNKNOWN,,KALSHI,KXBTC2026250-27JAN01-250000,,False,RESOLUTION_UNKNOWN,0,0.06,0.07,,,True,,0,,,,,,,,1666.666666666668,0.0,KALSHI_PRICE_THRESHOLD,BTC-USD,,VENUE,,NO_TRADE,COOLDOWN,COOLDOWN,[],0.0,0.0,0.0,0,False,,,,,,,,,,
1768010699073,v1.1,KXBTC2026250-27JAN01-250000,1768010699073,1798779600000,UNKNOWN,UNKNOWN,,KALSHI,KXBTC2026250-27JAN01-250000,,False,RESOLUTION_UNKNOWN,0,0.06,0.07,,,True,,0,,,,,,,,1666.666666666668,0.0,KALSHI_PRICE_THRESHOLD,BTC-USD,,VENUE,,NO_TRADE,COOLDOWN,COOLDOWN,[],0.0,0.0,0.0,0,False,,,,,,,,,,
1768010700296,v1.1,KXBTC2026250-27JAN01-250000,1768010700296,1798779600000,UNKNOWN,UNKNOWN,,KALSHI,KXBTC2026250-27JAN01-250000,,False,RESOLUTION_UNKNOWN,0,0.06,0.07,,,True,,0,,,,,,,,1666.666666666668,0.0,KALSHI_PRICE_THRESHOLD,BTC-USD,,VENUE,,NO_TRADE,COOLDOWN,COOLDOWN,[],0.0,0.0,0.0,0,False,,,,,,,,,,
1768010701524,v1.1,KXBTC2026250-27JAN01-250000,1768010701524,1798779600000,UNKNOWN,UNKNOWN,,KALSHI,KXBTC2026250-27JAN01-250000,,False,RESOLUTION_UNKNOWN,0,0.06,0.07,,,True,,0,,,,,,,,1666.666666666668,0.0,KALSHI_PRICE_THRESHOLD,BTC-USD,,VENUE,,NO_TRADE,BOOK_TOKEN_NOT_FOUND,BOOK_TOKEN_NOT_FOUND,[],0.0,0.0,0.0,0,False,,,,,,,,,,
1768010703825,v1.1,KXBTC2026250-27JAN01-250000,1768010703825,1798779600000,UNKNOWN,UNKNOWN,,KALSHI,KXBTC2026250-27JAN01-250000,,False,RESOLUTION_UNKNOWN,0,0.06,0.07,,,True,,0,,,,,,,,1666.666666666668,0.0,KALSHI_PRICE_THRESHOLD,BTC-USD,,VENUE,,NO_TRADE,COOLDOWN,COOLDOWN,[],0.0,0.0,0.0,0,False,,,,,,,,,,
1768010705045,v1.1,KXBTC2026250-27JAN01-250000,1768010705045,1798779600000,UNKNOWN,UNKNOWN,,KALSHI,KXBTC2026250-27JAN01-250000,,False,RESOLUTION_UNKNOWN,0,0.06,0.07,,,True,,0,,,,,,,,1666.666666666668,0.0,KALSHI_PRICE_THRESHOLD,BTC-USD,,VENUE,,NO_TRADE,COOLDOWN,COOLDOWN,[],0.0,0.0,0.0,0,False,,,,,,,,,,
1768010706274,v1.1,KXBTC2026250-27JAN01-250000,1768010706274,1798779600000,UNKNOWN,UNKNOWN,,KALSHI,KXBTC2026250-27JAN01-250000,,False,RESOLUTION_UNKNOWN,0,0.06,0.07,,,True,,0,,,,,,,,1666.666666666668,0.0,KALSHI_PRICE_THRESHOLD,BTC-USD,,VENUE,,NO_TRADE,COOLDOWN,COOLDOWN,[],0.0,0.0,0.0,0,False,,,,,,,,,,
1768010707513,v1.1,KXBTC2026250-27JAN01-250000,1768010707513,1798779600000,UNKNOWN,UNKNOWN,,KALSHI,KXBTC2026250-27JAN01-250000,,False,RESOLUTION_UNKNOWN,0,0.06,0.07,,,True,,0,,,,,,,,1666.666666666668,0.0,KALSHI_PRICE_THRESHOLD,BTC-USD,,VENUE,,NO_TRADE,COOLDOWN,COOLDOWN,[],0.0,0.0,0.0,0,False,,,,,,,,,,
1768010708720,v1.1,KXBTC2026250-27JAN01-250000,1768010708720,1798779600000,UNKNOWN,UNKNOWN,,KALSHI,KXBTC2026250-27JAN01-250000,,False,RESOLUTION_UNKNOWN,0,0.06,0.07,,,True,,0,,,,,,,,1666.666666666668,0.0,KALSHI_PRICE_THRESHOLD,BTC-USD,,VENUE,,NO_TRADE,COOLDOWN,COOLDOWN,[],0.0,0.0,0.0,0,False,,,,,,,,,,
1768010709925,v1.1,KXBTC2026250-27JAN01-250000,1768010709925,1798779600000,UNKNOWN,UNKNOWN,,KALSHI,KXBTC2026250-27JAN01-250000,,False,RESOLUTION_UNKNOWN,0,0.06,0.07,,,True,,0,,,,,,,,1666.666666666668,0.0,KALSHI_PRICE_THRESHOLD,BTC-USD,,VENUE,,NO_TRADE,COOLDOWN,COOLDOWN,[],0.0,0.0,0.0,0,False,,,,,,,,,,
1768010711128,v1.1,KXBTC2026250-27JAN01-250000,1768010711128,1798779600000,UNKNOWN,UNKNOWN,,KALSHI,KXBTC2026250-27JAN01-250000,,False,RESOLUTION_UNKNOWN,0,0.06,0.07,,,True,,0,,,,,,,,1666.666666666668,0.0,KALSHI_PRICE_THRESHOLD,BTC-USD,,VENUE,,NO_TRADE,COOLDOWN,COOLDOWN,[],0.0,0.0,0.0,0,False,,,,,,,,,,
1768010712602,v1.1,KXBTC2026250-27JAN01-250000,1768010712602,1798779600000,UNKNOWN,UNKNOWN,,KALSHI,KXBTC2026250-27JAN01-250000,,False,RESOLUTION_UNKNOWN,0,0.06,0.07,,,True,,0,,,,,,,,1666.666666666668,0.0,KALSHI_PRICE_THRESHOLD,BTC-USD,,VENUE,,NO_TRADE,BOOK_TOKEN_NOT_FOUND,BOOK_TOKEN_NOT_FOUND,[],0.0,0.0,0.0,0,False,,,,,,,,,,
1768010714861,v1.1,KXBTC2026250-27JAN01-250000,1768010714861,1798779600000,UNKNOWN,UNKNOWN,,KALSHI,KXBTC2026250-27JAN01-250000,,False,RESOLUTION_UNKNOWN,0,0.06,0.07,,,True,,0,,,,,,,,1666.666666666668,0.0,KALSHI_PRICE_THRESHOLD,BTC-USD,,VENUE,,NO_TRADE,COOLDOWN,COOLDOWN,[],0.0,0.0,0.0,0,False,,,,,,,,,,
1768010716095,v1.1,KXBTC2026250-27JAN01-250000,1768010716095,1798779600000,UNKNOWN,UNKNOWN,,KALSHI,KXBTC2026250-27JAN01-250000,,False,RESOLUTION_UNKNOWN,0,0.06,0.07,,,True,,0,,,,,,,,1666.666666666668,0.0,KALSHI_PRICE_THRESHOLD,BTC-USD,,VENUE,,NO_TRADE,COOLDOWN,COOLDOWN,[],0.0,0.0,0.0,0,False,,,,,,,,,,
1768010717306,v1.1,KXBTC2026250-27JAN01-250000,1768010717306,1798779600000,UNKNOWN,UNKNOWN,,KALSHI,KXBTC2026250-27JAN01-250000,,False,RESOLUTION_UNKNOWN,0,0.06,0.07,,,True,,0,,,,,,,,1666.666666666668,0.0,KALSHI_PRICE_THRESHOLD,BTC-USD,,VENUE,,NO_TRADE,COOLDOWN,COOLDOWN,[],0.0,0.0,0.0,0,False,,,,,,,,,,
1768010718588,v1.1,KXBTC2026250-27JAN01-250000,1768010718588,1798779600000,UNKNOWN,UNKNOWN,,KALSHI,KXBTC2026250-27JAN01-250000,,False,RESOLUTION_UNKNOWN,0,0.06,0.07,,,True,,0,,,,,,,,1666.666666666668,0.0,KALSHI_PRICE_THRESHOLD,BTC-USD,,VENUE,,NO_TRADE,COOLDOWN,COOLDOWN,[],0.0,0.0,0.0,0,False,,,,,,,,,,
1768010719826,v1.1,KXBTC2026250-27JAN01-250000,1768010719826,1798779600000,UNKNOWN,UNKNOWN,,KALSHI,KXBTC2026250-27JAN01-250000,,False,RESOLUTION_UNKNOWN,0,0.06,0.07,,,True,,0,,,,,,,,1666.666666666668,0.0,KALSHI_PRICE_THRESHOLD,BTC-USD,,VENUE,,NO_TRADE,COOLDOWN,COOLDOWN,[],0.0,0.0,0.0,0,False,,,,,,,,,,
1768010721041,v1.1,KXBTC2026250-27JAN01-250000,1768010721041,1798779600000,UNKNOWN,UNKNOWN,,KALSHI,KXBTC2026250-27JAN01-250000,,False,RESOLUTION_UNKNOWN,0,0.06,0.07,,,True,,0,,,,,,,,1666.666666666668,0.0,KALSHI_PRICE_THRESHOLD,BTC-USD,,VENUE,,NO_TRADE,COOLDOWN,COOLDOWN,[],0.0,0.0,0.0,0,False,,,,,,,,,,
1768010722251,v1.1,KXBTC2026250-27JAN01-250000,1768010722251,1798779600000,UNKNOWN,UNKNOWN,,KALSHI,KXBTC2026250-27JAN01-250000,,False,RESOLUTION_UNKNOWN,0,0.06,0.07,,,True,,0,,,,,,,,1666.666666666668,0.0,KALSHI_PRICE_THRESHOLD,BTC-USD,,VENUE,,NO_TRADE,COOLDOWN,COOLDOWN,[],0.0,0.0,0.0,0,False,,,,,,,,,,
1768010723488,v1.1,KXBTC2026250-27JAN01-250000,1768010723488,1798779600000,UNKNOWN,UNKNOWN,,KALSHI,KXBTC2026250-27JAN01-250000,,False,RESOLUTION_UNKNOWN,0,0.06,0.07,,,True,,0,,,,,,,,1666.666666666668,0.0,KALSHI_PRICE_THRESHOLD,BTC-USD,,VENUE,,NO_TRADE,BOOK_TOKEN_NOT_FOUND,BOOK_TOKEN_NOT_FOUND,[],0.0,0.0,0.0,0,False,,,,,,,,,,
1768010725823,v1.1,KXBTC2026250-27JAN01-250000,1768010725823,1798779600000,UNKNOWN,UNKNOWN,,KALSHI,KXBTC2026250-27JAN01-250000,,False,RESOLUTION_UNKNOWN,0,0.06,0.07,,,True,,0,,,,,,,,1666.666666666668,0.0,KALSHI_PRICE_THRESHOLD,BTC-USD,,VENUE,,NO_TRADE,COOLDOWN,COOLDOWN,[],0.0,0.0,0.0,0,False,,,,,,,,,,
1768010727030,v1.1,KXBTC2026250-27JAN01-250000,1768010727030,1798779600000,UNKNOWN,UNKNOWN,,KALSHI,KXBTC2026250-27JAN01-250000,,False,RESOLUTION_UNKNOWN,0,0.06,0.07,,,True,,0,,,,,,,,1666.666666666668,0.0,KALSHI_PRICE_THRESHOLD,BTC-USD,,VENUE,,NO_TRADE,COOLDOWN,COOLDOWN,[],0.0,0.0,0.0,0,False,,,,,,,,,,
1768010728222,v1.1,KXBTC2026250-27JAN01-250000,1768010728222,1798779600000,UNKNOWN,UNKNOWN,,KALSHI,KXBTC2026250-27JAN01-250000,,False,RESOLUTION_UNKNOWN,0,0.06,0.07,,,True,,0,,,,,,,,1666.666666666668,0.0,KALSHI_PRICE_THRESHOLD,BTC-USD,,VENUE,,NO_TRADE,COOLDOWN,COOLDOWN,[],0.0,0.0,0.0,0,False,,,,,,,,,,
1768010729430,v1.1,KXBTC2026250-27JAN01-250000,1768010729430,1798779600000,UNKNOWN,UNKNOWN,,KALSHI,KXBTC2026250-27JAN01-250000,,False,RESOLUTION_UNKNOWN,0,0.06,0.07,,,True,,0,,,,,,,,1666.666666666668,0.0,KALSHI_PRICE_THRESHOLD,BTC-USD,,VENUE,,NO_TRADE,COOLDOWN,COOLDOWN,[],0.0,0.0,0.0,0,False,,,,,,,,,,
1768010730648,v1.1,KXBTC2026250-27JAN01-250000,1768010730648,1798779600000,UNKNOWN,UNKNOWN,,KALSHI,KXBTC2026250-27JAN01-250000,,False,RESOLUTION_UNKNOWN,0,0.06,0.07,,,True,,0,,,,,,,,1666.666666666668,0.0,KALSHI_PRICE_THRESHOLD,BTC-USD,,VENUE,,NO_TRADE,COOLDOWN,COOLDOWN,[],0.0,0.0,0.0,0,False,,,,,,,,,,
1768010731866,v1.1,KXBTC2026250-27JAN01-250000,1768010731866,1798779600000,UNKNOWN,UNKNOWN,,KALSHI,KXBTC2026250-27JAN01-250000,,False,RESOLUTION_UNKNOWN,0,0.06,0.07,,,True,,0,,,,,,,,1666.666666666668,0.0,KALSHI_PRICE_THRESHOLD,BTC-USD,,VENUE,,NO_TRADE,COOLDOWN,COOLDOWN,[],0.0,0.0,0.0,0,False,,,,,,,,,,
1768010733085,v1.1,KXBTC2026250-27JAN01-250000,1768010733085,1798779600000,UNKNOWN,UNKNOWN,,KALSHI,KXBTC2026250-27JAN01-250000,,False,RESOLUTION_UNKNOWN,0,0.06,0.07,,,True,,0,,,,,,,,1666.666666666668,0.0,KALSHI_PRICE_THRESHOLD,BTC-USD,,VENUE,,NO_TRADE,COOLDOWN,COOLDOWN,[],0.0,0.0,0.0,0,False,,,,,,,,,,
1768010734301,v1.1,KXBTC2026250-27JAN01-250000,1768010734301,1798779600000,UNKNOWN,UNKNOWN,,KALSHI,KXBTC2026250-27JAN01-250000,,False,RESOLUTION_UNKNOWN,0,0.06,0.07,,,True,,0,,,,,,,,1666.666666666668,0.0,KALSHI_PRICE_THRESHOLD,BTC-USD,,VENUE,,NO_TRADE,BOOK_TOKEN_NOT_FOUND,BOOK_TOKEN_NOT_FOUND,[],0.0,0.0,0.0,0,False,,,,,,,,,,
1768010736569,v1.1,KXBTC2026250-27JAN01-250000,1768010736569,1798779600000,UNKNOWN,UNKNOWN,,KALSHI,KXBTC2026250-27JAN01-250000,,False,RESOLUTION_UNKNOWN,0,0.06,0.07,,,True,,0,,,,,,,,1666.666666666668,0.0,KALSHI_PRICE_THRESHOLD,BTC-USD,,VENUE,,NO_TRADE,COOLDOWN,COOLDOWN,[],0.0,0.0,0.0,0,False,,,,,,,,,,
1768010737778,v1.1,KXBTC2026250-27JAN01-250000,1768010737778,1798779600000,UNKNOWN,UNKNOWN,,KALSHI,KXBTC2026250-27JAN01-250000,,False,RESOLUTION_UNKNOWN,0,0.06,0.07,,,True,,0,,,,,,,,1666.666666666668,0.0,KALSHI_PRICE_THRESHOLD,BTC-USD,,VENUE,,NO_TRADE,COOLDOWN,COOLDOWN,[],0.0,0.0,0.0,0,False,,,,,,,,,,
1768010739017,v1.1,KXBTC2026250-27JAN01-250000,1768010739017,1798779600000,UNKNOWN,UNKNOWN,,KALSHI,KXBTC2026250-27JAN01-250000,,False,RESOLUTION_UNKNOWN,0,0.06,0.07,,,True,,0,,,,,,,,1666.666666666668,0.0,KALSHI_PRICE_THRESHOLD,BTC-USD,,VENUE,,NO_TRADE,COOLDOWN,COOLDOWN,[],0.0,0.0,0.0,0,False,,,,,,,,,,
1768010740237,v1.1,KXBTC2026250-27JAN01-250000,1768010740237,1798779600000,UNKNOWN,UNKNOWN,,KALSHI,KXBTC2026250-27JAN01-250000,,False,RESOLUTION_UNKNOWN,0,0.06,0.07,,,True,,0,,,,,,,,1666.666666666668,0.0,KALSHI_PRICE_THRESHOLD,BTC-USD,,VENUE,,NO_TRADE,COOLDOWN,COOLDOWN,[],0.0,0.0,0.0,0,False,,,,,,,,,,
1768010741498,v1.1,KXBTC2026250-27JAN01-250000,1768010741498,1798779600000,UNKNOWN,UNKNOWN,,KALSHI,KXBTC2026250-27JAN01-250000,,False,RESOLUTION_UNKNOWN,0,0.06,0.07,,,True,,0,,,,,,,,1666.666666666668,0.0,KALSHI_PRICE_THRESHOLD,BTC-USD,,VENUE,,NO_TRADE,COOLDOWN,COOLDOWN,[],0.0,0.0,0.0,0,False,,,,,,,,,,
1768010742759,v1.1,KXBTC2026250-27JAN01-250000,1768010742759,1798779600000,UNKNOWN,UNKNOWN,,KALSHI,KXBTC2026250-27JAN01-250000,,False,RESOLUTION_UNKNOWN,0,0.06,0.07,,,True,,0,,,,,,,,1666.666666666668,0.0,KALSHI_PRICE_THRESHOLD,BTC-USD,,VENUE,,NO_TRADE,COOLDOWN,COOLDOWN,[],0.0,0.0,0.0,0,False,,,,,,,,,,
1768010743975,v1.1,KXBTC2026250-27JAN01-250000,1768010743975,1798779600000,UNKNOWN,UNKNOWN,,KALSHI,KXBTC2026250-27JAN01-250000,,False,RESOLUTION_UNKNOWN,0,0.06,0.07,,,True,,0,,,,,,,,1666.666666666668,0.0,KALSHI_PRICE_THRESHOLD,BTC-USD,,VENUE,,NO_TRADE,COOLDOWN,COOLDOWN,[],0.0,0.0,0.0,0,False,,,,,,,,,,
1768010745198,v1.1,KXBTC2026250-27JAN01-250000,1768010745198,1798779600000,UNKNOWN,UNKNOWN,,KALSHI,KXBTC2026250-27JAN01-250000,,False,RESOLUTION_UNKNOWN,0,0.06,0.07,,,True,,0,,,,,,,,1666.666666666668,0.0,KALSHI_PRICE_THRESHOLD,BTC-USD,,VENUE,,NO_TRADE,BOOK_TOKEN_NOT_FOUND,BOOK_TOKEN_NOT_FOUND,[],0.0,0.0,0.0,0,False,,,,,,,,,,
1768010747413,v1.1,KXBTC2026250-27JAN01-250000,1768010747413,1798779600000,UNKNOWN,UNKNOWN,,KALSHI,KXBTC2026250-27JAN01-250000,,False,RESOLUTION_UNKNOWN,0,0.06,0.07,,,True,,0,,,,,,,,1666.666666666668,0.0,KALSHI_PRICE_THRESHOLD,BTC-USD,,VENUE,,NO_TRADE,COOLDOWN,COOLDOWN,[],0.0,0.0,0.0,0,False,,,,,,,,,,
1768010748651,v1.1,KXBTC2026250-27JAN01-250000,1768010748651,1798779600000,UNKNOWN,UNKNOWN,,KALSHI,KXBTC2026250-27JAN01-250000,,False,RESOLUTION_UNKNOWN,0,0.06,0.07,,,True,,0,,,,,,,,1666.666666666668,0.0,KALSHI_PRICE_THRESHOLD,BTC-USD,,VENUE,,NO_TRADE,COOLDOWN,COOLDOWN,[],0.0,0.0,0.0,0,False,,,,,,,,,,
1768010749868,v1.1,KXBTC2026250-27JAN01-250000,1768010749868,1798779600000,UNKNOWN,UNKNOWN,,KALSHI,KXBTC2026250-27JAN01-250000,,False,RESOLUTION_UNKNOWN,0,0.06,0.07,,,True,,0,,,,,,,,1666.666666666668,0.0,KALSHI_PRICE_THRESHOLD,BTC-USD,,VENUE,,NO_TRADE,COOLDOWN,COOLDOWN,[],0.0,0.0,0.0,0,False,,,,,,,,,,
1768010751076,v1.1,KXBTC2026250-27JAN01-250000,1768010751076,1798779600000,UNKNOWN,UNKNOWN,,KALSHI,KXBTC2026250-27JAN01-250000,,False,RESOLUTION_UNKNOWN,0,0.06,0.07,,,True,,0,,,,,,,,1666.666666666668,0.0,KALSHI_PRICE_THRESHOLD,BTC-USD,,VENUE,,NO_TRADE,COOLDOWN,COOLDOWN,[],0.0,0.0,0.0,0,False,,,,,,,,,,
1768010752288,v1.1,KXBTC2026250-27JAN01-250000,1768010752288,1798779600000,UNKNOWN,UNKNOWN,,KALSHI,KXBTC2026250-27JAN01-250000,,False,RESOLUTION_UNKNOWN,0,0.06,0.07,,,True,,0,,,,,,,,1666.666666666668,0.0,KALSHI_PRICE_THRESHOLD,BTC-USD,,VENUE,,NO_TRADE,COOLDOWN,COOLDOWN,[],0.0,0.0,0.0,0,False,,,,,,,,,,
1768010753539,v1.1,KXBTC2026250-27JAN01-250000,1768010753539,1798779600000,UNKNOWN,UNKNOWN,,KALSHI,KXBTC2026250-27JAN01-250000,,False,RESOLUTION_UNKNOWN,0,0.06,0.07,,,True,,0,,,,,,,,1666.666666666668,0.0,KALSHI_PRICE_THRESHOLD,BTC-USD,,VENUE,,NO_TRADE,COOLDOWN,COOLDOWN,[],0.0,0.0,0.0,0,False,,,,,,,,,,
1768010754746,v1.1,KXBTC2026250-27JAN01-250000,1768010754746,1798779600000,UNKNOWN,UNKNOWN,,KALSHI,KXBTC2026250-27JAN01-250000,,False,RESOLUTION_UNKNOWN,0,0.06,0.07,,,True,,0,,,,,,,,1666.666666666668,0.0,KALSHI_PRICE_THRESHOLD,BTC-USD,,VENUE,,NO_TRADE,COOLDOWN,COOLDOWN,[],0.0,0.0,0.0,0,False,,,,,,,,,,
1768010755964,v1.1,KXBTC2026250-27JAN01-250000,1768010755964,1798779600000,UNKNOWN,UNKNOWN,,KALSHI,KXBTC2026250-27JAN01-250000,,False,RESOLUTION_UNKNOWN,0,0.06,0.07,,,True,,0,,,,,,,,1666.666666666668,0.0,KALSHI_PRICE_THRESHOLD,BTC-USD,,VENUE,,NO_TRADE,BOOK_TOKEN_NOT_FOUND,BOOK_TOKEN_NOT_FOUND,[],0.0,0.0,0.0,0,False,,,,,,,,,,
1768010758288,v1.1,KXBTC2026250-27JAN01-250000,1768010758288,1798779600000,UNKNOWN,UNKNOWN,,KALSHI,KXBTC2026250-27JAN01-250000,,False,RESOLUTION_UNKNOWN,0,0.06,0.07,,,True,,0,,,,,,,,1666.666666666668,0.0,KALSHI_PRICE_THRESHOLD,BTC-USD,,VENUE,,NO_TRADE,COOLDOWN,COOLDOWN,[],0.0,0.0,0.0,0,False,,,,,,,,,,
1768010759504,v1.1,KXBTC2026250-27JAN01-250000,1768010759504,1798779600000,UNKNOWN,UNKNOWN,,KALSHI,KXBTC2026250-27JAN01-250000,,False,RESOLUTION_UNKNOWN,0,0.06,0.07,,,True,,0,,,,,,,,1666.666666666668,0.0,KALSHI_PRICE_THRESHOLD,BTC-USD,,VENUE,,NO_TRADE,COOLDOWN,COOLDOWN,[],0.0,0.0,0.0,0,False,,,,,,,,,,
1768010760705,v1.1,KXBTC2026250-27JAN01-250000,1768010760705,1798779600000,UNKNOWN,UNKNOWN,,KALSHI,KXBTC2026250-27JAN01-250000,,False,RESOLUTION_UNKNOWN,0,0.06,0.07,,,True,,0,,,,,,,,1666.666666666668,0.0,KALSHI_PRICE_THRESHOLD,BTC-USD,,VENUE,,NO_TRADE,COOLDOWN,COOLDOWN,[],0.0,0.0,0.0,0,False,,,,,,,,,,
1768010761903,v1.1,KXBTC2026250-27JAN01-250000,1768010761903,1798779600000,UNKNOWN,UNKNOWN,,KALSHI,KXBTC2026250-27JAN01-250000,,False,RESOLUTION_UNKNOWN,0,0.06,0.07,,,True,,0,,,,,,,,1666.666666666668,0.0,KALSHI_PRICE_THRESHOLD,BTC-USD,,VENUE,,NO_TRADE,COOLDOWN,COOLDOWN,[],0.0,0.0,0.0,0,False,,,,,,,,,,
1768010763112,v1.1,KXBTC2026250-27JAN01-250000,1768010763112,1798779600000,UNKNOWN,UNKNOWN,,KALSHI,KXBTC2026250-27JAN01-250000,,False,RESOLUTION_UNKNOWN,0,0.06,0.07,,,True,,0,,,,,,,,1666.666666666668,0.0,KALSHI_PRICE_THRESHOLD,BTC-USD,,VENUE,,NO_TRADE,COOLDOWN,COOLDOWN,[],0.0,0.0,0.0,0,False,,,,,,,,,,
1768010764322,v1.1,KXBTC2026250-27JAN01-250000,1768010764322,1798779600000,UNKNOWN,UNKNOWN,,KALSHI,KXBTC2026250-27JAN01-250000,,False,RESOLUTION_UNKNOWN,0,0.06,0.07,,,True,,0,,,,,,,,1666.666666666668,0.0,KALSHI_PRICE_THRESHOLD,BTC-USD,,VENUE,,NO_TRADE,COOLDOWN,COOLDOWN,[],0.0,0.0,0.0,0,False,,,,,,,,,,
1768010765540,v1.1,KXBTC2026250-27JAN01-250000,1768010765540,1798779600000,UNKNOWN,UNKNOWN,,KALSHI,KXBTC2026250-27JAN01-250000,,False,RESOLUTION_UNKNOWN,0,0.06,0.07,,,True,,0,,,,,,,,1666.666666666668,0.0,KALSHI_PRICE_THRESHOLD,BTC-USD,,VENUE,,NO_TRADE,COOLDOWN,COOLDOWN,[],0.0,0.0,0.0,0,False,,,,,,,,,,
1768010766754,v1.1,KXBTC2026250-27JAN01-250000,1768010766754,1798779600000,UNKNOWN,UNKNOWN,,KALSHI,KXBTC2026250-27JAN01-250000,,False,RESOLUTION_UNKNOWN,0,0.06,0.07,,,True,,0,,,,,,,,1666.666666666668,0.0,KALSHI_PRICE_THRESHOLD,BTC-USD,,VENUE,,NO_TRADE,BOOK_TOKEN_NOT_FOUND,BOOK_TOKEN_NOT_FOUND,[],0.0,0.0,0.0,0,False,,,,,,,,,,
1768010769012,v1.1,KXBTC2026250-27JAN01-250000,1768010769012,1798779600000,UNKNOWN,UNKNOWN,,KALSHI,KXBTC2026250-27JAN01-250000,,False,RESOLUTION_UNKNOWN,0,0.06,0.07,,,True,,0,,,,,,,,1666.666666666668,0.0,KALSHI_PRICE_THRESHOLD,BTC-USD,,VENUE,,NO_TRADE,COOLDOWN,COOLDOWN,[],0.0,0.0,0.0,0,False,,,,,,,,,,
1768010770222,v1.1,KXBTC2026250-27JAN01-250000,1768010770222,1798779600000,UNKNOWN,UNKNOWN,,KALSHI,KXBTC2026250-27JAN01-250000,,False,RESOLUTION_UNKNOWN,0,0.06,0.07,,,True,,0,,,,,,,,1666.666666666668,0.0,KALSHI_PRICE_THRESHOLD,BTC-USD,,VENUE,,NO_TRADE,COOLDOWN,COOLDOWN,[],0.0,0.0,0.0,0,False,,,,,,,,,,
1768010771445,v1.1,KXBTC2026250-27JAN01-250000,1768010771445,1798779600000,UNKNOWN,UNKNOWN,,KALSHI,KXBTC2026250-27JAN01-250000,,False,RESOLUTION_UNKNOWN,0,0.06,0.07,,,True,,0,,,,,,,,1666.666666666668,0.0,KALSHI_PRICE_THRESHOLD,BTC-USD,,VENUE,,NO_TRADE,COOLDOWN,COOLDOWN,[],0.0,0.0,0.0,0,False,,,,,,,,,,
1768010772662,v1.1,KXBTC2026250-27JAN01-250000,1768010772662,1798779600000,UNKNOWN,UNKNOWN,,KALSHI,KXBTC2026250-27JAN01-250000,,False,RESOLUTION_UNKNOWN,0,0.06,0.07,,,True,,0,,,,,,,,1666.666666666668,0.0,KALSHI_PRICE_THRESHOLD,BTC-USD,,VENUE,,NO_TRADE,COOLDOWN,COOLDOWN,[],0.0,0.0,0.0,0,False,,,,,,,,,,
1768010773884,v1.1,KXBTC2026250-27JAN01-250000,1768010773884,1798779600000,UNKNOWN,UNKNOWN,,KALSHI,KXBTC2026250-27JAN01-250000,,False,RESOLUTION_UNKNOWN,0,0.06,0.07,,,True,,0,,,,,,,,1666.666666666668,0.0,KALSHI_PRICE_THRESHOLD,BTC-USD,,VENUE,,NO_TRADE,COOLDOWN,COOLDOWN,[],0.0,0.0,0.0,0,False,,,,,,,,,,
1768010775100,v1.1,KXBTC2026250-27JAN01-250000,1768010775100,1798779600000,UNKNOWN,UNKNOWN,,KALSHI,KXBTC2026250-27JAN01-250000,,False,RESOLUTION_UNKNOWN,0,0.06,0.07,,,True,,0,,,,,,,,1666.666666666668,0.0,KALSHI_PRICE_THRESHOLD,BTC-USD,,VENUE,,NO_TRADE,COOLDOWN,COOLDOWN,[],0.0,0.0,0.0,0,False,,,,,,,,,,
1768010776560,v1.1,KXBTC2026250-27JAN01-250000,1768010776560,1798779600000,UNKNOWN,UNKNOWN,,KALSHI,KXBTC2026250-27JAN01-250000,,False,RESOLUTION_UNKNOWN,0,0.06,0.07,,,True,,0,,,,,,,,1666.666666666668,0.0,KALSHI_PRICE_THRESHOLD,BTC-USD,,VENUE,,NO_TRADE,COOLDOWN,COOLDOWN,[],0.0,0.0,0.0,0,False,,,,,,,,,,
1768010777772,v1.1,KXBTC2026250-27JAN01-250000,1768010777772,1798779600000,UNKNOWN,UNKNOWN,,KALSHI,KXBTC2026250-27JAN01-250000,,False,RESOLUTION_UNKNOWN,0,0.06,0.07,,,True,,0,,,,,,,,1666.666666666668,0.0,KALSHI_PRICE_THRESHOLD,BTC-USD,,VENUE,,NO_TRADE,BOOK_TOKEN_NOT_FOUND,BOOK_TOKEN_NOT_FOUND,[],0.0,0.0,0.0,0,False,,,,,,,,,,
1768010780288,v1.1,KXBTC2026250-27JAN01-250000,1768010780288,1798779600000,UNKNOWN,UNKNOWN,,KALSHI,KXBTC2026250-27JAN01-250000,,False,RESOLUTION_UNKNOWN,0,0.06,0.07,,,True,,0,,,,,,,,1666.666666666668,0.0,KALSHI_PRICE_THRESHOLD,BTC-USD,,VENUE,,NO_TRADE,COOLDOWN,COOLDOWN,[],0.0,0.0,0.0,0,False,,,,,,,,,,
1768010781515,v1.1,KXBTC2026250-27JAN01-250000,1768010781515,1798779600000,UNKNOWN,UNKNOWN,,KALSHI,KXBTC2026250-27JAN01-250000,,False,RESOLUTION_UNKNOWN,0,0.06,0.07,,,True,,0,,,,,,,,1666.666666666668,0.0,KALSHI_PRICE_THRESHOLD,BTC-USD,,VENUE,,NO_TRADE,COOLDOWN,COOLDOWN,[],0.0,0.0,0.0,0,False,,,,,,,,,,
1768010782733,v1.1,KXBTC2026250-27JAN01-250000,1768010782733,1798779600000,UNKNOWN,UNKNOWN,,KALSHI,KXBTC2026250-27JAN01-250000,,False,RESOLUTION_UNKNOWN,0,0.06,0.07,,,True,,0,,,,,,,,1666.666666666668,0.0,KALSHI_PRICE_THRESHOLD,BTC-USD,,VENUE,,NO_TRADE,COOLDOWN,COOLDOWN,[],0.0,0.0,0.0,0,False,,,,,,,,,,
1768010783939,v1.1,KXBTC2026250-27JAN01-250000,1768010783939,1798779600000,UNKNOWN,UNKNOWN,,KALSHI,KXBTC2026250-27JAN01-250000,,False,RESOLUTION_UNKNOWN,0,0.06,0.07,,,True,,0,,,,,,,,1666.666666666668,0.0,KALSHI_PRICE_THRESHOLD,BTC-USD,,VENUE,,NO_TRADE,COOLDOWN,COOLDOWN,[],0.0,0.0,0.0,0,False,,,,,,,,,,
1768010785212,v1.1,KXBTC2026250-27JAN01-250000,1768010785212,1798779600000,UNKNOWN,UNKNOWN,,KALSHI,KXBTC2026250-27JAN01-250000,,False,RESOLUTION_UNKNOWN,0,0.06,0.07,,,True,,0,,,,,,,,1666.666666666668,0.0,KALSHI_PRICE_THRESHOLD,BTC-USD,,VENUE,,NO_TRADE,COOLDOWN,COOLDOWN,[],0.0,0.0,0.0,0,False,,,,,,,,,,
1768010786424,v1.1,KXBTC2026250-27JAN01-250000,1768010786424,1798779600000,UNKNOWN,UNKNOWN,,KALSHI,KXBTC2026250-27JAN01-250000,,False,RESOLUTION_UNKNOWN,0,0.06,0.07,,,True,,0,,,,,,,,1666.666666666668,0.0,KALSHI_PRICE_THRESHOLD,BTC-USD,,VENUE,,NO_TRADE,COOLDOWN,COOLDOWN,[],0.0,0.0,0.0,0,False,,,,,,,,,,
1768010787626,v1.1,KXBTC2026250-27JAN01-250000,1768010787626,1798779600000,UNKNOWN,UNKNOWN,,KALSHI,KXBTC2026250-27JAN01-250000,,False,RESOLUTION_UNKNOWN,0,0.06,0.07,,,True,,0,,,,,,,,1666.666666666668,0.0,KALSHI_PRICE_THRESHOLD,BTC-USD,,VENUE,,NO_TRADE,COOLDOWN,COOLDOWN,[],0.0,0.0,0.0,0,False,,,,,,,,,,
1768010788840,v1.1,KXBTC2026250-27JAN01-250000,1768010788840,1798779600000,UNKNOWN,UNKNOWN,,KALSHI,KXBTC2026250-27JAN01-250000,,False,RESOLUTION_UNKNOWN,0,0.06,0.07,,,True,,0,,,,,,,,1666.666666666668,0.0,KALSHI_PRICE_THRESHOLD,BTC-USD,,VENUE,,NO_TRADE,BOOK_TOKEN_NOT_FOUND,BOOK_TOKEN_NOT_FOUND,[],0.0,0.0,0.0,0,False,,,,,,,,,,
1768010791138,v1.1,KXBTC2026250-27JAN01-250000,1768010791138,1798779600000,UNKNOWN,UNKNOWN,,KALSHI,KXBTC2026250-27JAN01-250000,,False,RESOLUTION_UNKNOWN,0,0.06,0.07,,,True,,0,,,,,,,,1666.666666666668,0.0,KALSHI_PRICE_THRESHOLD,BTC-USD,,VENUE,,NO_TRADE,COOLDOWN,COOLDOWN,[],0.0,0.0,0.0,0,False,,,,,,,,,,
1768010792353,v1.1,KXBTC2026250-27JAN01-250000,1768010792353,1798779600000,UNKNOWN,UNKNOWN,,KALSHI,KXBTC2026250-27JAN01-250000,,False,RESOLUTION_UNKNOWN,0,0.06,0.07,,,True,,0,,,,,,,,1666.666666666668,0.0,KALSHI_PRICE_THRESHOLD,BTC-USD,,VENUE,,NO_TRADE,COOLDOWN,COOLDOWN,[],0.0,0.0,0.0,0,False,,,,,,,,,,
1768010793635,v1.1,KXBTC2026250-27JAN01-250000,1768010793635,1798779600000,UNKNOWN,UNKNOWN,,KALSHI,KXBTC2026250-27JAN01-250000,,False,RESOLUTION_UNKNOWN,0,0.06,0.07,,,True,,0,,,,,,,,1666.666666666668,0.0,KALSHI_PRICE_THRESHOLD,BTC-USD,,VENUE,,NO_TRADE,COOLDOWN,COOLDOWN,[],0.0,0.0,0.0,0,False,,,,,,,,,,
1768010794835,v1.1,KXBTC2026250-27JAN01-250000,1768010794835,1798779600000,UNKNOWN,UNKNOWN,,KALSHI,KXBTC2026250-27JAN01-250000,,False,RESOLUTION_UNKNOWN,0,0.06,0.07,,,True,,0,,,,,,,,1666.666666666668,0.0,KALSHI_PRICE_THRESHOLD,BTC-USD,,VENUE,,NO_TRADE,COOLDOWN,COOLDOWN,[],0.0,0.0,0.0,0,False,,,,,,,,,,
1768010796038,v1.1,KXBTC2026250-27JAN01-250000,1768010796038,1798779600000,UNKNOWN,UNKNOWN,,KALSHI,KXBTC2026250-27JAN01-250000,,False,RESOLUTION_UNKNOWN,0,0.06,0.07,,,True,,0,,,,,,,,1666.666666666668,0.0,KALSHI_PRICE_THRESHOLD,BTC-USD,,VENUE,,NO_TRADE,COOLDOWN,COOLDOWN,[],0.0,0.0,0.0,0,False,,,,,,,,,,
1768010797259,v1.1,KXBTC2026250-27JAN01-250000,1768010797259,1798779600000,UNKNOWN,UNKNOWN,,KALSHI,KXBTC2026250-27JAN01-250000,,False,RESOLUTION_UNKNOWN,0,0.06,0.07,,,True,,0,,,,,,,,1666.666666666668,0.0,KALSHI_PRICE_THRESHOLD,BTC-USD,,VENUE,,NO_TRADE,COOLDOWN,COOLDOWN,[],0.0,0.0,0.0,0,False,,,,,,,,,,
1768010798520,v1.1,KXBTC2026250-27JAN01-250000,1768010798520,1798779600000,UNKNOWN,UNKNOWN,,KALSHI,KXBTC2026250-27JAN01-250000,,False,RESOLUTION_UNKNOWN,0,0.06,0.07,,,True,,0,,,,,,,,1666.666666666668,0.0,KALSHI_PRICE_THRESHOLD,BTC-USD,,VENUE,,NO_TRADE,COOLDOWN,COOLDOWN,[],0.0,0.0,0.0,0,False,,,,,,,,,,
1768010799763,v1.1,KXBTC2026250-27JAN01-250000,1768010799763,1798779600000,UNKNOWN,UNKNOWN,,KALSHI,KXBTC2026250-27JAN01-250000,,False,RESOLUTION_UNKNOWN,0,0.06,0.07,,,True,,0,,,,,,,,1666.666666666668,0.0,KALSHI_PRICE_THRESHOLD,BTC-USD,,VENUE,,NO_TRADE,BOOK_TOKEN_NOT_FOUND,BOOK_TOKEN_NOT_FOUND,[],0.0,0.0,0.0,0,False,,,,,,,,,,
1768010801977,v1.1,KXBTC2026250-27JAN01-250000,1768010801977,1798779600000,UNKNOWN,UNKNOWN,,KALSHI,KXBTC2026250-27JAN01-250000,,False,RESOLUTION_UNKNOWN,0,0.06,0.07,,,True,,0,,,,,,,,1666.666666666668,0.0,KALSHI_PRICE_THRESHOLD,BTC-USD,,VENUE,,NO_TRADE,COOLDOWN,COOLDOWN,[],0.0,0.0,0.0,0,False,,,,,,,,,,
1768010803177,v1.1,KXBTC2026250-27JAN01-250000,1768010803177,1798779600000,UNKNOWN,UNKNOWN,,KALSHI,KXBTC2026250-27JAN01-250000,,False,RESOLUTION_UNKNOWN,0,0.06,0.07,,,True,,0,,,,,,,,1666.666666666668,0.0,KALSHI_PRICE_THRESHOLD,BTC-USD,,VENUE,,NO_TRADE,COOLDOWN,COOLDOWN,[],0.0,0.0,0.0,0,False,,,,,,,,,,
1768010804391,v1.1,KXBTC2026250-27JAN01-250000,1768010804391,1798779600000,UNKNOWN,UNKNOWN,,KALSHI,KXBTC2026250-27JAN01-250000,,False,RESOLUTION_UNKNOWN,0,0.06,0.07,,,True,,0,,,,,,,,1666.666666666668,0.0,KALSHI_PRICE_THRESHOLD,BTC-USD,,VENUE,,NO_TRADE,COOLDOWN,COOLDOWN,[],0.0,0.0,0.0,0,False,,,,,,,,,,
1768010805617,v1.1,KXBTC2026250-27JAN01-250000,1768010805617,1798779600000,UNKNOWN,UNKNOWN,,KALSHI,KXBTC2026250-27JAN01-250000,,False,RESOLUTION_UNKNOWN,0,0.06,0.07,,,True,,0,,,,,,,,1666.666666666668,0.0,KALSHI_PRICE_THRESHOLD,BTC-USD,,VENUE,,NO_TRADE,COOLDOWN,COOLDOWN,[],0.0,0.0,0.0,0,False,,,,,,,,,,
1768010806836,v1.1,KXBTC2026250-27JAN01-250000,1768010806836,1798779600000,UNKNOWN,UNKNOWN,,KALSHI,KXBTC2026250-27JAN01-250000,,False,RESOLUTION_UNKNOWN,0,0.06,0.07,,,True,,0,,,,,,,,1666.666666666668,0.0,KALSHI_PRICE_THRESHOLD,BTC-USD,,VENUE,,NO_TRADE,COOLDOWN,COOLDOWN,[],0.0,0.0,0.0,0,False,,,,,,,,,,
1768010808047,v1.1,KXBTC2026250-27JAN01-250000,1768010808047,1798779600000,UNKNOWN,UNKNOWN,,KALSHI,KXBTC2026250-27JAN01-250000,,False,RESOLUTION_UNKNOWN,0,0.06,0.07,,,True,,0,,,,,,,,1666.666666666668,0.0,KALSHI_PRICE_THRESHOLD,BTC-USD,,VENUE,,NO_TRADE,COOLDOWN,COOLDOWN,[],0.0,0.0,0.0,0,False,,,,,,,,,,
1768010809243,v1.1,KXBTC2026250-27JAN01-250000,1768010809243,1798779600000,UNKNOWN,UNKNOWN,,KALSHI,KXBTC2026250-27JAN01-250000,,False,RESOLUTION_UNKNOWN,0,0.06,0.07,,,True,,0,,,,,,,,1666.666666666668,0.0,KALSHI_PRICE_THRESHOLD,BTC-USD,,VENUE,,NO_TRADE,COOLDOWN,COOLDOWN,[],0.0,0.0,0.0,0,False,,,,,,,,,,
