ts,schema_version,market_id,now,market_end_ts,official_required_venue,official_used_venue,official_used_endpoint,venue,symbol,official_mid,official_ok,official_err,official_age_ms,pm_yes_bid,pm_yes_ask,pm_no_bid,pm_no_ask,book_ok,book_err,pm_book_age_ms,implied_yes,implied_no,fair_up_prob,edge_yes,edge_no,edge_gross_bps,edge_net_bps,spread_bps,depth_total,market_class,required_symbol,rules_end_ts,end_ts_source,regime,action,reason,filter_reason,microstructure_flags,daily_pnl,daily_loss,total_loss,open_markets,kill_switch,params_hash,fill_mode,fill_feasible,fill_slippage_cents,fill_depth_required,fill_depth_used,arb_cost_cents,arb_cost_cents_conservative,arb_edge_cents,arb_edge_cents_conservative,model_name,sigma,r,d2,fair_yes_pv,fair_yes_prob,discount_factor,fair_up_prob_semantics,depth_qty_total,depth_notional_total_usd,best_yes_bid,best_yes_ask,best_no_bid,best_no_ask,thin_book_reason,thin_book_threshold_depth_usd,thin_book_threshold_qty,thin_book_spread_bps,thin_book_observed_spread_bps,thin_book_observed_depth_usd,thin_book_observed_depth_qty
1768062976335,v1.2,KXBTC2026200-27JAN01-200000,1768062976335,0,UNKNOWN,UNKNOWN,,KALSHI,KXBTC2026200-27JAN01-200000,,False,RESOLUTION_UNKNOWN,0,13,14,86,87,True,,0,,,,,,,,0.0,0.0,UNKNOWN,UNKNOWN,,VENUE,,NO_TRADE,BOOK_SANITY,BOOK_SANITY: yes_levels=13 no_levels=36 BOOK_SHA1:08d484022d,"[""BOOK_SANITY: yes_levels=13 no_levels=36 BOOK_SHA1:08d484022d""]",0.0,0.0,0.0,0,False,,,,,,,,,,,,,,,,,,,,,,,,,,,,,,,
1768062976335,v1.2,KXBTC2026200-27JAN01-200000,1768062976335,1798779600000,UNKNOWN,COINBASE,https://api.exchange.coinbase.com/products/BTC-USD/ticker,KALSHI,KXBTC2026200-27JAN01-200000,90531.475,True,RESOLUTION_UNKNOWN,616,0.13,0.14,0.86,0.87,True,,0,0.14,0.87,0.06540311337735742,-0.07459688662264259,0.0217414901663876,217.414901663876,,740.7407407407413,21073.42,KALSHI_PRICE_THRESHOLD,BTC-USD,,VENUE,WARMUP,NO_TRADE,THIN_BOOK,THIN_BOOK,"[""DEPTH_NEAR_USD:244643"", ""THIN_BOOK"", ""LAST_SHOCK:THIN_BOOK"", ""DATA:LIVE"", ""BOOK_SHA1:08d484022d"", ""EXEC:PAPER""]",0.0,0.0,0.0,0,False,,,,,,,,,,,BSM_BINARY_ND2,0.65,0.045,-1.4883334690975762,0.06540311337735742,0.06833148631377961,0.957144603543745,PV_DISCOUNTED,4369330.0,2184665.0,0.13,0.14,0.86,0.87,SPREAD_WIDE,10.0,,80.0,115.60693641618506,244642.76999999996,2184665.0
1768062977778,v1.2,KXBTC2026200-27JAN01-200000,1768062977778,1798779600000,UNKNOWN,COINBASE,https://api.exchange.coinbase.com/products/BTC-USD/ticker,KALSHI,KXBTC2026200-27JAN01-200000,90531.475,True,RESOLUTION_UNKNOWN,1219,0.13,0.14,0.86,0.87,True,,0,0.14,0.87,0.06540311059730534,-0.07459688940269467,0.021741494915923587,217.41494915923587,,740.7407407407413,21073.42,KALSHI_PRICE_THRESHOLD,BTC-USD,,VENUE,drift_bps=0.0|vol_bps=?,NO_TRADE,THIN_BOOK,THIN_BOOK,"[""DEPTH_NEAR_USD:244643"", ""THIN_BOOK"", ""LAST_SHOCK:THIN_BOOK"", ""DATA:LIVE"", ""BOOK_SHA1:08d484022d"", ""EXEC:PAPER""]",0.0,0.0,0.0,0,False,,,,,,,,,,,BSM_BINARY_ND2,0.65,0.045,-1.4883334922026081,0.06540311059730534,0.06833148326864952,0.9571446055132289,PV_DISCOUNTED,4369330.0,2184665.0,0.13,0.14,0.86,0.87,SPREAD_WIDE,10.0,,80.0,115.60693641618506,244642.76999999996,2184665.0
1768062978977,v1.2,KXBTC2026200-27JAN01-200000,1768062978977,1798779600000,UNKNOWN,COINBASE,https://api.exchange.coinbase.com/products/BTC-USD/ticker,KALSHI,KXBTC2026200-27JAN01-200000,90531.475,True,RESOLUTION_UNKNOWN,1415,0.13,0.14,0.86,0.87,True,,0,0.14,0.87,0.06540310828733821,-0.0745968917126618,0.021741498862350328,217.4149886235033,,740.7407407407413,21073.42,KALSHI_PRICE_THRESHOLD,BTC-USD,,VENUE,drift_bps=0.0|vol_bps=0.0,NO_TRADE,THIN_BOOK,THIN_BOOK,"[""DEPTH_NEAR_USD:244643"", ""THIN_BOOK"", ""LAST_SHOCK:THIN_BOOK"", ""DATA:LIVE"", ""BOOK_SHA1:08d484022d"", ""EXEC:PAPER""]",0.0,0.0,0.0,0,False,,,,,,,,,,,BSM_BINARY_ND2,0.65,0.045,-1.4883335114007612,0.06540310828733821,0.06833148073842699,0.9571446071496885,PV_DISCOUNTED,4369330.0,2184665.0,0.13,0.14,0.86,0.87,SPREAD_WIDE,10.0,,80.0,115.60693641618506,244642.76999999996,2184665.0
1768062980164,v1.2,KXBTC2026200-27JAN01-200000,1768062980164,1798779600000,UNKNOWN,COINBASE,https://api.exchange.coinbase.com/products/BTC-USD/ticker,KALSHI,KXBTC2026200-27JAN01-200000,90531.475,True,RESOLUTION_UNKNOWN,2613,0.13,0.14,0.86,0.87,True,,0,0.14,0.87,0.06540310600048992,-0.0745968939995101,0.021741502769279886,217.41502769279884,,740.7407407407413,21073.42,KALSHI_PRICE_THRESHOLD,BTC-USD,,VENUE,drift_bps=0.0|vol_bps=0.0,NO_TRADE,THIN_BOOK,THIN_BOOK,"[""DEPTH_NEAR_USD:244643"", ""THIN_BOOK"", ""LAST_SHOCK:THIN_BOOK"", ""DATA:LIVE"", ""BOOK_SHA1:08d484022d"", ""EXEC:PAPER""]",0.0,0.0,0.0,0,False,,,,,,,,,,,BSM_BINARY_ND2,0.65,0.045,-1.4883335304067742,0.06540310600048992,0.0683314782335277,0.9571446087697698,PV_DISCOUNTED,4369330.0,2184665.0,0.13,0.14,0.86,0.87,SPREAD_WIDE,10.0,,80.0,115.60693641618506,244642.76999999996,2184665.0
1768062981349,v1.2,KXBTC2026200-27JAN01-200000,1768062981349,1798779600000,UNKNOWN,COINBASE,https://api.exchange.coinbase.com/products/BTC-USD/ticker,KALSHI,KXBTC2026200-27JAN01-200000,90531.475,True,RESOLUTION_UNKNOWN,1761,0.13,0.14,0.86,0.87,True,,0,0.14,0.87,0.06540310371749473,-0.07459689628250528,0.02174150666962682,217.4150666962682,,740.7407407407413,21073.42,KALSHI_PRICE_THRESHOLD,BTC-USD,,VENUE,drift_bps=0.0|vol_bps=0.0,NO_TRADE,THIN_BOOK,THIN_BOOK,"[""DEPTH_NEAR_USD:244643"", ""THIN_BOOK"", ""LAST_SHOCK:THIN_BOOK"", ""DATA:LIVE"", ""BOOK_SHA1:08d484022d"", ""EXEC:PAPER""]",0.0,0.0,0.0,0,False,,,,,,,,,,,BSM_BINARY_ND2,0.65,0.045,-1.4883335493807646,0.06540310371749473,0.06833147573284892,0.9571446103871215,PV_DISCOUNTED,4369330.0,2184665.0,0.13,0.14,0.86,0.87,SPREAD_WIDE,10.0,,80.0,115.60693641618506,244642.76999999996,2184665.0
1768062982551,v1.2,KXBTC2026200-27JAN01-200000,1768062982551,1798779600000,UNKNOWN,COINBASE,https://api.exchange.coinbase.com/products/BTC-USD/ticker,KALSHI,KXBTC2026200-27JAN01-200000,90531.475,True,RESOLUTION_UNKNOWN,374,0.13,0.14,0.86,0.87,True,,0,0.14,0.87,0.06540310140174757,-0.07459689859825244,0.021741510625928107,217.41510625928106,,740.7407407407413,21073.42,KALSHI_PRICE_THRESHOLD,BTC-USD,,VENUE,drift_bps=0.0|vol_bps=0.0,NO_TRADE,THIN_BOOK,THIN_BOOK,"[""DEPTH_NEAR_USD:244643"", ""THIN_BOOK"", ""LAST_SHOCK:THIN_BOOK"", ""DATA:LIVE"", ""BOOK_SHA1:08d484022d"", ""EXEC:PAPER""]",0.0,0.0,0.0,0,False,,,,,,,,,,,BSM_BINARY_ND2,0.65,0.045,-1.488333568626957,0.06540310140174757,0.06833147319629529,0.9571446120276756,PV_DISCOUNTED,4369330.0,2184665.0,0.13,0.14,0.86,0.87,SPREAD_WIDE,10.0,,80.0,115.60693641618506,244642.76999999996,2184665.0
1768062983733,v1.2,KXBTC2026200-27JAN01-200000,1768062983733,1798779600000,UNKNOWN,COINBASE,https://api.exchange.coinbase.com/products/BTC-USD/ticker,KALSHI,KXBTC2026200-27JAN01-200000,90531.475,True,RESOLUTION_UNKNOWN,721,0.13,0.14,0.86,0.87,True,,0,0.14,0.87,0.06540309912453189,-0.07459690087546812,0.02174151451640083,217.4151451640083,,740.7407407407413,21073.42,KALSHI_PRICE_THRESHOLD,BTC-USD,,VENUE,drift_bps=0.0|vol_bps=0.0,NO_TRADE,THIN_BOOK,THIN_BOOK,"[""DEPTH_NEAR_USD:244643"", ""THIN_BOOK"", ""LAST_SHOCK:THIN_BOOK"", ""DATA:LIVE"", ""BOOK_SHA1:08d484022d"", ""EXEC:PAPER""]",0.0,0.0,0.0,0,False,,,,,,,,,,,BSM_BINARY_ND2,0.65,0.045,-1.4883335875529144,0.06540309912453189,0.06833147070194712,0.9571446136409327,PV_DISCOUNTED,4369330.0,2184665.0,0.13,0.14,0.86,0.87,SPREAD_WIDE,10.0,,80.0,115.60693641618506,244642.76999999996,2184665.0
1768062984929,v1.2,KXBTC2026200-27JAN01-200000,1768062984929,1798779600000,UNKNOWN,COINBASE,https://api.exchange.coinbase.com/products/BTC-USD/ticker,KALSHI,KXBTC2026200-27JAN01-200000,90531.475,True,RESOLUTION_UNKNOWN,934,0.13,0.14,0.86,0.87,True,,0,0.14,0.87,0.06540309682034395,-0.07459690317965606,0.0217415184529538,217.415184529538,,740.7407407407413,21073.42,KALSHI_PRICE_THRESHOLD,BTC-USD,,VENUE,drift_bps=0.0|vol_bps=0.0,NO_TRADE,THIN_BOOK,THIN_BOOK,"[""DEPTH_NEAR_USD:244643"", ""THIN_BOOK"", ""LAST_SHOCK:THIN_BOOK"", ""DATA:LIVE"", ""BOOK_SHA1:08d484022d"", ""EXEC:PAPER""]",0.0,0.0,0.0,0,False,,,,,,,,,,,BSM_BINARY_ND2,0.65,0.045,-1.4883336067030393,0.06540309682034395,0.06833146817805491,0.9571446152732977,PV_DISCOUNTED,4369330.0,2184665.0,0.13,0.14,0.86,0.87,SPREAD_WIDE,10.0,,80.0,115.60693641618506,244642.76999999996,2184665.0
1768062986105,v1.2,KXBTC2026200-27JAN01-200000,1768062986105,1798779600000,UNKNOWN,COINBASE,https://api.exchange.coinbase.com/products/BTC-USD/ticker,KALSHI,KXBTC2026200-27JAN01-200000,90531.475,True,RESOLUTION_UNKNOWN,1555,0.13,0.14,0.86,0.87,True,,0,0.14,0.87,0.06540309455468755,-0.07459690544531246,0.02174152232367821,217.41522323678208,,740.7407407407413,21073.42,KALSHI_PRICE_THRESHOLD,BTC-USD,,VENUE,drift_bps=0.0|vol_bps=0.0,NO_TRADE,THIN_BOOK,THIN_BOOK,"[""DEPTH_NEAR_USD:244643"", ""THIN_BOOK"", ""LAST_SHOCK:THIN_BOOK"", ""DATA:LIVE"", ""BOOK_SHA1:08d484022d"", ""EXEC:PAPER""]",0.0,0.0,0.0,0,False,,,,,,,,,,,BSM_BINARY_ND2,0.65,0.045,-1.488333625532928,0.06540309455468755,0.06833146569636822,0.9571446168783657,PV_DISCOUNTED,4369330.0,2184665.0,0.13,0.14,0.86,0.87,SPREAD_WIDE,10.0,,80.0,115.60693641618506,244642.76999999996,2184665.0
1768062987347,v1.2,KXBTC2026200-27JAN01-200000,1768062987347,1798779600000,UNKNOWN,COINBASE,https://api.exchange.coinbase.com/products/BTC-USD/ticker,KALSHI,KXBTC2026200-27JAN01-200000,90531.475,True,RESOLUTION_UNKNOWN,736,0.13,0.14,0.86,0.87,True,,0,0.14,0.87,0.06540309216187681,-0.0745969078381232,0.02174152641163729,217.4152641163729,,740.7407407407413,21073.42,KALSHI_PRICE_THRESHOLD,BTC-USD,,VENUE,drift_bps=0.0|vol_bps=0.0,NO_TRADE,THIN_BOOK,THIN_BOOK,"[""DEPTH_NEAR_USD:244643"", ""THIN_BOOK"", ""LAST_SHOCK:THIN_BOOK"", ""DATA:LIVE"", ""BOOK_SHA1:08d484022d"", ""EXEC:PAPER""]",0.0,0.0,0.0,0,False,,,,,,,,,,,BSM_BINARY_ND2,0.65,0.045,-1.4883336454195986,0.06540309216187681,0.06833146307540305,0.9571446185735141,PV_DISCOUNTED,4369330.0,2184665.0,0.13,0.14,0.86,0.87,SPREAD_WIDE,10.0,,80.0,115.60693641618506,244642.76999999996,2184665.0
1768062988558,v1.2,KXBTC2026200-27JAN01-200000,1768062988558,1798779600000,UNKNOWN,COINBASE,https://api.exchange.coinbase.com/products/BTC-USD/ticker,KALSHI,KXBTC2026200-27JAN01-200000,90531.475,True,RESOLUTION_UNKNOWN,1156,0.13,0.14,0.86,0.87,True,,0,0.14,0.87,0.06540308982878991,-0.0745969101712101,0.021741530397561992,217.41530397561993,,740.7407407407413,21073.42,KALSHI_PRICE_THRESHOLD,BTC-USD,,VENUE,drift_bps=0.0|vol_bps=0.0,NO_TRADE,THIN_BOOK,THIN_BOOK,"[""DEPTH_NEAR_USD:244643"", ""THIN_BOOK"", ""LAST_SHOCK:THIN_BOOK"", ""DATA:LIVE"", ""BOOK_SHA1:08d484022d"", ""EXEC:PAPER""]",0.0,0.0,0.0,0,False,,,,,,,,,,,BSM_BINARY_ND2,0.65,0.045,-1.488333664809904,0.06540308982878991,0.06833146051985639,0.9571446202263519,PV_DISCOUNTED,4369330.0,2184665.0,0.13,0.14,0.86,0.87,SPREAD_WIDE,10.0,,80.0,115.60693641618506,244642.76999999996,2184665.0
1768062989754,v1.2,KXBTC2026200-27JAN01-200000,1768062989754,1798779600000,UNKNOWN,COINBASE,https://api.exchange.coinbase.com/products/BTC-USD/ticker,KALSHI,KXBTC2026200-27JAN01-200000,90531.475,True,RESOLUTION_UNKNOWN,1588,0.13,0.14,0.86,0.87,True,,0,0.14,0.87,0.06540308752460162,-0.07459691247539839,0.021741534334115298,217.41534334115298,,740.7407407407413,21073.42,KALSHI_PRICE_THRESHOLD,BTC-USD,,VENUE,drift_bps=0.0|vol_bps=0.0,NO_TRADE,THIN_BOOK,THIN_BOOK,"[""DEPTH_NEAR_USD:244643"", ""THIN_BOOK"", ""LAST_SHOCK:THIN_BOOK"", ""DATA:LIVE"", ""BOOK_SHA1:08d484022d"", ""EXEC:PAPER""]",0.0,0.0,0.0,0,False,,,,,,,,,,,BSM_BINARY_ND2,0.65,0.045,-1.4883336839600334,0.06540308752460162,0.06833145799596385,0.957144621858717,PV_DISCOUNTED,4369330.0,2184665.0,0.13,0.14,0.86,0.87,SPREAD_WIDE,10.0,,80.0,115.60693641618506,244642.76999999996,2184665.0
1768062990943,v1.2,KXBTC2026200-27JAN01-200000,1768062990943,1798779600000,UNKNOWN,COINBASE,https://api.exchange.coinbase.com/products/BTC-USD/ticker,KALSHI,KXBTC2026200-27JAN01-200000,90531.475,True,RESOLUTION_UNKNOWN,1417,0.13,0.14,0.86,0.87,True,,0,0.14,0.87,0.06540308523389919,-0.07459691476610082,0.021741538247628922,217.4153824762892,,740.7407407407413,21073.42,KALSHI_PRICE_THRESHOLD,BTC-USD,,VENUE,drift_bps=0.0|vol_bps=0.0,NO_TRADE,THIN_BOOK,THIN_BOOK,"[""DEPTH_NEAR_USD:244643"", ""THIN_BOOK"", ""LAST_SHOCK:THIN_BOOK"", ""DATA:LIVE"", ""BOOK_SHA1:08d484022d"", ""EXEC:PAPER""]",0.0,0.0,0.0,0,False,,,,,,,,,,,BSM_BINARY_ND2,0.65,0.045,-1.4883337029980817,0.06540308523389919,0.06833145548684305,0.9571446234815281,PV_DISCOUNTED,4369330.0,2184665.0,0.13,0.14,0.86,0.87,SPREAD_WIDE,10.0,,80.0,115.60693641618506,244642.76999999996,2184665.0
1768062992170,v1.2,KXBTC2026200-27JAN01-200000,1768062992170,1798779600000,UNKNOWN,COINBASE,https://api.exchange.coinbase.com/products/BTC-USD/ticker,KALSHI,KXBTC2026200-27JAN01-200000,90531.475,True,RESOLUTION_UNKNOWN,896,0.13,0.14,0.86,0.87,True,,0,0.14,0.87,0.06540308286998674,-0.07459691713001328,0.02174154228621683,217.4154228621683,,740.7407407407413,21073.42,KALSHI_PRICE_THRESHOLD,BTC-USD,,VENUE,drift_bps=0.0|vol_bps=0.0,NO_TRADE,THIN_BOOK,THIN_BOOK,"[""DEPTH_NEAR_USD:244643"", ""THIN_BOOK"", ""LAST_SHOCK:THIN_BOOK"", ""DATA:LIVE"", ""BOOK_SHA1:08d484022d"", ""EXEC:PAPER""]",0.0,0.0,0.0,0,False,,,,,,,,,,,BSM_BINARY_ND2,0.65,0.045,-1.4883337226445803,0.06540308286998674,0.06833145289753167,0.9571446251562036,PV_DISCOUNTED,4369330.0,2184665.0,0.13,0.14,0.86,0.87,SPREAD_WIDE,10.0,,80.0,115.60693641618506,244642.76999999996,2184665.0
1768062993343,v1.2,KXBTC2026200-27JAN01-200000,1768062993343,1798779600000,UNKNOWN,COINBASE,https://api.exchange.coinbase.com/products/BTC-USD/ticker,KALSHI,KXBTC2026200-27JAN01-200000,90531.475,True,RESOLUTION_UNKNOWN,711,0.13,0.14,0.86,0.87,True,,0,0.14,0.87,0.06540308061010942,-0.07459691938989059,0.02174154614706758,217.4154614706758,,740.7407407407413,21073.42,KALSHI_PRICE_THRESHOLD,BTC-USD,,VENUE,drift_bps=0.0|vol_bps=0.0,NO_TRADE,THIN_BOOK,THIN_BOOK,"[""DEPTH_NEAR_USD:244643"", ""THIN_BOOK"", ""LAST_SHOCK:THIN_BOOK"", ""DATA:LIVE"", ""BOOK_SHA1:08d484022d"", ""EXEC:PAPER""]",0.0,0.0,0.0,0,False,,,,,,,,,,,BSM_BINARY_ND2,0.65,0.045,-1.488333741426442,0.06540308061010942,0.0683314504221752,0.957144626757177,PV_DISCOUNTED,4369330.0,2184665.0,0.13,0.14,0.86,0.87,SPREAD_WIDE,10.0,,80.0,115.60693641618506,244642.76999999996,2184665.0
1768062994515,v1.2,KXBTC2026200-27JAN01-200000,1768062994515,1798779600000,UNKNOWN,COINBASE,https://api.exchange.coinbase.com/products/BTC-USD/ticker,KALSHI,KXBTC2026200-27JAN01-200000,90531.475,True,RESOLUTION_UNKNOWN,1901,0.13,0.14,0.86,0.87,True,,0,0.14,0.87,0.06540307835215856,-0.07459692164784146,0.021741550004627075,217.41550004627075,,740.7407407407413,21073.42,KALSHI_PRICE_THRESHOLD,BTC-USD,,VENUE,drift_bps=0.0|vol_bps=0.0,NO_TRADE,THIN_BOOK,THIN_BOOK,"[""DEPTH_NEAR_USD:244643"", ""THIN_BOOK"", ""LAST_SHOCK:THIN_BOOK"", ""DATA:LIVE"", ""BOOK_SHA1:08d484022d"", ""EXEC:PAPER""]",0.0,0.0,0.0,0,False,,,,,,,,,,,BSM_BINARY_ND2,0.65,0.045,-1.488333760192293,0.06540307835215856,0.06833144794892886,0.9571446283567856,PV_DISCOUNTED,4369330.0,2184665.0,0.13,0.14,0.86,0.87,SPREAD_WIDE,10.0,,80.0,115.60693641618506,244642.76999999996,2184665.0
1768062995712,v1.2,KXBTC2026200-27JAN01-200000,1768062995712,1798779600000,UNKNOWN,COINBASE,https://api.exchange.coinbase.com/products/BTC-USD/ticker,KALSHI,KXBTC2026200-27JAN01-200000,90531.475,True,RESOLUTION_UNKNOWN,3142,0.13,0.14,0.86,0.87,True,,0,0.14,0.87,0.0654030760460432,-0.07459692395395681,0.021741553944472303,217.41553944472304,,740.7407407407413,21073.42,KALSHI_PRICE_THRESHOLD,BTC-USD,,VENUE,drift_bps=0.0|vol_bps=0.0,NO_TRADE,THIN_BOOK,THIN_BOOK,"[""DEPTH_NEAR_USD:244643"", ""THIN_BOOK"", ""LAST_SHOCK:THIN_BOOK"", ""DATA:LIVE"", ""BOOK_SHA1:08d484022d"", ""EXEC:PAPER""]",0.0,0.0,0.0,0,False,,,,,,,,,,,BSM_BINARY_ND2,0.65,0.045,-1.4883337793584408,0.0654030760460432,0.06833144542292557,0.9571446299905155,PV_DISCOUNTED,4369330.0,2184665.0,0.13,0.14,0.86,0.87,SPREAD_WIDE,10.0,,80.0,115.60693641618506,244642.76999999996,2184665.0
1768062996945,v1.2,KXBTC2026200-27JAN01-200000,1768062996945,1798779600000,UNKNOWN,COINBASE,https://api.exchange.coinbase.com/products/BTC-USD/ticker,KALSHI,KXBTC2026200-27JAN01-200000,90531.475,True,RESOLUTION_UNKNOWN,1211,0.13,0.14,0.86,0.87,True,,0,0.14,0.87,0.06540307367057079,-0.07459692632942923,0.021741558002809414,217.41558002809413,,740.7407407407413,21073.42,KALSHI_PRICE_THRESHOLD,BTC-USD,,VENUE,drift_bps=0.0|vol_bps=0.0,NO_TRADE,THIN_BOOK,THIN_BOOK,"[""DEPTH_NEAR_USD:244643"", ""THIN_BOOK"", ""LAST_SHOCK:THIN_BOOK"", ""DATA:LIVE"", ""BOOK_SHA1:08d484022d"", ""EXEC:PAPER""]",0.0,0.0,0.0,0,False,,,,,,,,,,,BSM_BINARY_ND2,0.65,0.045,-1.4883337991010157,0.06540307367057079,0.06833144282095205,0.9571446316733802,PV_DISCOUNTED,4369330.0,2184665.0,0.13,0.14,0.86,0.87,SPREAD_WIDE,10.0,,80.0,115.60693641618506,244642.76999999996,2184665.0
1768062998212,v1.2,KXBTC2026200-27JAN01-200000,1768062998212,1798779600000,UNKNOWN,COINBASE,https://api.exchange.coinbase.com/products/BTC-USD/ticker,KALSHI,KXBTC2026200-27JAN01-200000,90531.475,True,RESOLUTION_UNKNOWN,2478,0.13,0.14,0.86,0.87,True,,0,0.14,0.87,0.06540307122959453,-0.07459692877040548,0.02174156217305534,217.4156217305534,,740.7407407407413,21073.42,KALSHI_PRICE_THRESHOLD,BTC-USD,,VENUE,drift_bps=0.0|vol_bps=0.0,NO_TRADE,THIN_BOOK,THIN_BOOK,"[""DEPTH_NEAR_USD:244643"", ""THIN_BOOK"", ""LAST_SHOCK:THIN_BOOK"", ""DATA:LIVE"", ""BOOK_SHA1:08d484022d"", ""EXEC:PAPER""]",0.0,0.0,0.0,0,False,,,,,,,,,,,BSM_BINARY_ND2,0.65,0.045,-1.488333819387994,0.06540307122959453,0.06833144014722892,0.9571446334026499,PV_DISCOUNTED,4369330.0,2184665.0,0.13,0.14,0.86,0.87,SPREAD_WIDE,10.0,,80.0,115.60693641618506,244642.76999999996,2184665.0
1768062999467,v1.2,KXBTC2026200-27JAN01-200000,1768062999467,1798779600000,UNKNOWN,COINBASE,https://api.exchange.coinbase.com/products/BTC-USD/ticker,KALSHI,KXBTC2026200-27JAN01-200000,90531.475,True,RESOLUTION_UNKNOWN,542,0.13,0.14,0.86,0.87,True,,0,0.14,0.87,0.06540306881173723,-0.07459693118826279,0.021741566303804083,217.41566303804083,,740.7407407407413,21073.42,KALSHI_PRICE_THRESHOLD,BTC-USD,,VENUE,drift_bps=0.0|vol_bps=0.0,NO_TRADE,THIN_BOOK,THIN_BOOK,"[""DEPTH_NEAR_USD:244643"", ""THIN_BOOK"", ""LAST_SHOCK:THIN_BOOK"", ""DATA:LIVE"", ""BOOK_SHA1:08d484022d"", ""EXEC:PAPER""]",0.0,0.0,0.0,0,False,,,,,,,,,,,BSM_BINARY_ND2,0.65,0.045,-1.4883338394828316,0.06540306881173723,0.06833143749882914,0.9571446351155413,PV_DISCOUNTED,4369330.0,2184665.0,0.13,0.14,0.86,0.87,SPREAD_WIDE,10.0,,80.0,115.60693641618506,244642.76999999996,2184665.0
1768063000644,v1.2,KXBTC2026200-27JAN01-200000,1768063000644,1798779600000,UNKNOWN,COINBASE,https://api.exchange.coinbase.com/products/BTC-USD/ticker,KALSHI,KXBTC2026200-27JAN01-200000,90531.475,True,RESOLUTION_UNKNOWN,565,0.13,0.14,0.86,0.87,True,,0,0.14,0.87,0.06540306654415295,-0.07459693345584706,0.02174157017782119,217.4157017782119,,740.7407407407413,21073.42,KALSHI_PRICE_THRESHOLD,BTC-USD,,VENUE,drift_bps=0.0|vol_bps=0.0,NO_TRADE,THIN_BOOK,THIN_BOOK,"[""DEPTH_NEAR_USD:244643"", ""THIN_BOOK"", ""LAST_SHOCK:THIN_BOOK"", ""DATA:LIVE"", ""BOOK_SHA1:08d484022d"", ""EXEC:PAPER""]",0.0,0.0,0.0,0,False,,,,,,,,,,,BSM_BINARY_ND2,0.65,0.045,-1.4883338583287484,0.06540306654415295,0.06833143501503092,0.9571446367219741,PV_DISCOUNTED,4369330.0,2184665.0,0.13,0.14,0.86,0.87,SPREAD_WIDE,10.0,,80.0,115.60693641618506,244642.76999999996,2184665.0
1768063001845,v1.2,KXBTC2026200-27JAN01-200000,1768063001845,1798779600000,UNKNOWN,COINBASE,https://api.exchange.coinbase.com/products/BTC-USD/ticker,KALSHI,KXBTC2026200-27JAN01-200000,90531.475,True,RESOLUTION_UNKNOWN,1678,0.13,0.14,0.86,0.87,True,,0,0.14,0.87,0.06540306423033068,-0.07459693576966933,0.021741574130832775,217.41574130832774,,740.7407407407413,21073.42,KALSHI_PRICE_THRESHOLD,BTC-USD,,VENUE,drift_bps=0.0|vol_bps=0.0,NO_TRADE,THIN_BOOK,THIN_BOOK,"[""DEPTH_NEAR_USD:244643"", ""THIN_BOOK"", ""LAST_SHOCK:THIN_BOOK"", ""DATA:LIVE"", ""BOOK_SHA1:08d484022d"", ""EXEC:PAPER""]",0.0,0.0,0.0,0,False,,,,,,,,,,,BSM_BINARY_ND2,0.65,0.045,-1.4883338775589503,0.06540306423033068,0.06833143248058593,0.9571446383611635,PV_DISCOUNTED,4369330.0,2184665.0,0.13,0.14,0.86,0.87,SPREAD_WIDE,10.0,,80.0,115.60693641618506,244642.76999999996,2184665.0
1768063003039,v1.2,KXBTC2026200-27JAN01-200000,1768063003039,1798779600000,UNKNOWN,COINBASE,https://api.exchange.coinbase.com/products/BTC-USD/ticker,KALSHI,KXBTC2026200-27JAN01-200000,90531.475,True,RESOLUTION_UNKNOWN,2878,0.13,0.14,0.86,0.87,True,,0,0.14,0.87,0.06540306192999437,-0.07459693807000564,0.021741578060804567,217.41578060804568,,740.7407407407413,21073.42,KALSHI_PRICE_THRESHOLD,BTC-USD,,VENUE,drift_bps=0.0|vol_bps=0.0,NO_TRADE,THIN_BOOK,THIN_BOOK,"[""DEPTH_NEAR_USD:244643"", ""THIN_BOOK"", ""LAST_SHOCK:THIN_BOOK"", ""DATA:LIVE"", ""BOOK_SHA1:08d484022d"", ""EXEC:PAPER""]",0.0,0.0,0.0,0,False,,,,,,,,,,,BSM_BINARY_ND2,0.65,0.045,-1.4883338966770705,0.06540306192999437,0.06833142996091279,0.9571446399907989,PV_DISCOUNTED,4369330.0,2184665.0,0.13,0.14,0.86,0.87,SPREAD_WIDE,10.0,,80.0,115.60693641618506,244642.76999999996,2184665.0
1768063004242,v1.2,KXBTC2026200-27JAN01-200000,1768063004242,1798779600000,UNKNOWN,COINBASE,https://api.exchange.coinbase.com/products/BTC-USD/ticker,KALSHI,KXBTC2026200-27JAN01-200000,90531.475,True,RESOLUTION_UNKNOWN,802,0.13,0.14,0.86,0.87,True,,0,0.14,0.87,0.0654030596123187,-0.07459694038768132,0.02174158202039922,217.41582020399218,,740.7407407407413,21073.42,KALSHI_PRICE_THRESHOLD,BTC-USD,,VENUE,drift_bps=0.0|vol_bps=0.0,NO_TRADE,THIN_BOOK,THIN_BOOK,"[""DEPTH_NEAR_USD:244643"", ""THIN_BOOK"", ""LAST_SHOCK:THIN_BOOK"", ""DATA:LIVE"", ""BOOK_SHA1:08d484022d"", ""EXEC:PAPER""]",0.0,0.0,0.0,0,False,,,,,,,,,,,BSM_BINARY_ND2,0.65,0.045,-1.488333915939299,0.0654030596123187,0.06833142742224702,0.957144641632718,PV_DISCOUNTED,4369330.0,2184665.0,0.13,0.14,0.86,0.87,SPREAD_WIDE,10.0,,80.0,115.60693641618506,244642.76999999996,2184665.0
1768063005450,v1.2,KXBTC2026200-27JAN01-200000,1768063005450,1798779600000,UNKNOWN,COINBASE,https://api.exchange.coinbase.com/products/BTC-USD/ticker,KALSHI,KXBTC2026200-27JAN01-200000,90531.475,True,RESOLUTION_UNKNOWN,1227,0.13,0.14,0.86,0.87,True,,0,0.14,0.87,0.06540305728501002,-0.07459694271499,0.021741585996451263,217.41585996451263,,740.7407407407413,21073.42,KALSHI_PRICE_THRESHOLD,BTC-USD,,VENUE,drift_bps=0.0|vol_bps=0.0,NO_TRADE,THIN_BOOK,THIN_BOOK,"[""DEPTH_NEAR_USD:244643"", ""THIN_BOOK"", ""LAST_SHOCK:THIN_BOOK"", ""DATA:LIVE"", ""BOOK_SHA1:08d484022d"", ""EXEC:PAPER""]",0.0,0.0,0.0,0,False,,,,,,,,,,,BSM_BINARY_ND2,0.65,0.045,-1.4883339352815879,0.06540305728501002,0.06833142487302973,0.9571446432814613,PV_DISCOUNTED,4369330.0,2184665.0,0.13,0.14,0.86,0.87,SPREAD_WIDE,10.0,,80.0,115.60693641618506,244642.76999999996,2184665.0
1768063006683,v1.2,KXBTC2026200-27JAN01-200000,1768063006683,1798779600000,UNKNOWN,COINBASE,https://api.exchange.coinbase.com/products/BTC-USD/ticker,KALSHI,KXBTC2026200-27JAN01-200000,90531.475,True,RESOLUTION_UNKNOWN,1644,0.13,0.14,0.86,0.87,True,,0,0.14,0.87,0.0654030549095368,-0.07459694509046322,0.02174159005478926,217.41590054789262,,740.7407407407413,21073.42,KALSHI_PRICE_THRESHOLD,BTC-USD,,VENUE,drift_bps=0.0|vol_bps=0.0,NO_TRADE,THIN_BOOK,THIN_BOOK,"[""DEPTH_NEAR_USD:244643"", ""THIN_BOOK"", ""LAST_SHOCK:THIN_BOOK"", ""DATA:LIVE"", ""BOOK_SHA1:08d484022d"", ""EXEC:PAPER""]",0.0,0.0,0.0,0,False,,,,,,,,,,,BSM_BINARY_ND2,0.65,0.045,-1.4883339550241734,0.0654030549095368,0.06833142227105543,0.957144644964326,PV_DISCOUNTED,4369330.0,2184665.0,0.13,0.14,0.86,0.87,SPREAD_WIDE,10.0,,80.0,115.60693641618506,244642.76999999996,2184665.0
1768063007921,v1.2,KXBTC2026200-27JAN01-200000,1768063007921,1798779600000,UNKNOWN,COINBASE,https://api.exchange.coinbase.com/products/BTC-USD/ticker,KALSHI,KXBTC2026200-27JAN01-200000,90531.475,True,RESOLUTION_UNKNOWN,2857,0.13,0.14,0.86,0.87,True,,0,0.14,0.87,0.06540305252443056,-0.07459694747556946,0.02174159412958443,217.4159412958443,,740.7407407407413,21073.42,KALSHI_PRICE_THRESHOLD,BTC-USD,,VENUE,drift_bps=0.0|vol_bps=0.0,NO_TRADE,THIN_BOOK,THIN_BOOK,"[""DEPTH_NEAR_USD:244643"", ""THIN_BOOK"", ""LAST_SHOCK:THIN_BOOK"", ""DATA:LIVE"", ""BOOK_SHA1:08d484022d"", ""EXEC:PAPER""]",0.0,0.0,0.0,0,False,,,,,,,,,,,BSM_BINARY_ND2,0.65,0.045,-1.4883339748468196,0.06540305252443056,0.06833141965852962,0.957144646654015,PV_DISCOUNTED,4369330.0,2184665.0,0.13,0.14,0.86,0.87,SPREAD_WIDE,10.0,,80.0,115.60693641618506,244642.76999999996,2184665.0
1768063009134,v1.2,KXBTC2026200-27JAN01-200000,1768063009134,1798779600000,UNKNOWN,COINBASE,https://api.exchange.coinbase.com/products/BTC-USD/ticker,KALSHI,KXBTC2026200-27JAN01-200000,90531.475,True,RESOLUTION_UNKNOWN,1397,0.13,0.14,0.86,0.87,True,,0,0.14,0.87,0.06540305018748863,-0.07459694981251139,0.021741598122093975,217.41598122093976,,740.7407407407413,21073.42,KALSHI_PRICE_THRESHOLD,BTC-USD,,VENUE,drift_bps=0.0|vol_bps=0.0,NO_TRADE,THIN_BOOK,THIN_BOOK,"[""DEPTH_NEAR_USD:244643"", ""THIN_BOOK"", ""LAST_SHOCK:THIN_BOOK"", ""DATA:LIVE"", ""BOOK_SHA1:08d484022d"", ""EXEC:PAPER""]",0.0,0.0,0.0,0,False,,,,,,,,,,,BSM_BINARY_ND2,0.65,0.045,-1.4883339942691718,0.06540305018748863,0.06833141709876062,0.9571446483095826,PV_DISCOUNTED,4369330.0,2184665.0,0.13,0.14,0.86,0.87,SPREAD_WIDE,10.0,,80.0,115.60693641618506,244642.76999999996,2184665.0
1768063010340,v1.2,KXBTC2026200-27JAN01-200000,1768063010340,1798779600000,UNKNOWN,COINBASE,https://api.exchange.coinbase.com/products/BTC-USD/ticker,KALSHI,KXBTC2026200-27JAN01-200000,90531.475,True,RESOLUTION_UNKNOWN,1242,0.13,0.14,0.86,0.87,True,,0,0.14,0.87,0.06540304786403271,-0.0745969521359673,0.021741602091563506,217.41602091563504,,740.7407407407413,21073.42,KALSHI_PRICE_THRESHOLD,BTC-USD,,VENUE,drift_bps=0.0|vol_bps=0.0,NO_TRADE,THIN_BOOK,THIN_BOOK,"[""DEPTH_NEAR_USD:244643"", ""THIN_BOOK"", ""LAST_SHOCK:THIN_BOOK"", ""DATA:LIVE"", ""BOOK_SHA1:08d484022d"", ""EXEC:PAPER""]",0.0,0.0,0.0,0,False,,,,,,,,,,,BSM_BINARY_ND2,0.65,0.045,-1.488334013579442,0.06540304786403271,0.06833141455376351,0.9571446499555962,PV_DISCOUNTED,4369330.0,2184665.0,0.13,0.14,0.86,0.87,SPREAD_WIDE,10.0,,80.0,115.60693641618506,244642.76999999996,2184665.0
1768063011554,v1.2,KXBTC2026200-27JAN01-200000,1768063011554,1798779600000,UNKNOWN,COINBASE,https://api.exchange.coinbase.com/products/BTC-USD/ticker,KALSHI,KXBTC2026200-27JAN01-200000,90531.475,True,RESOLUTION_UNKNOWN,1695,0.13,0.14,0.86,0.87,True,,0,0.14,0.87,0.06540304552516406,-0.07459695447483596,0.02174160608736464,217.4160608736464,,740.7407407407413,21073.42,KALSHI_PRICE_THRESHOLD,BTC-USD,,VENUE,drift_bps=0.0|vol_bps=0.0,NO_TRADE,THIN_BOOK,THIN_BOOK,"[""DEPTH_NEAR_USD:244643"", ""THIN_BOOK"", ""LAST_SHOCK:THIN_BOOK"", ""DATA:LIVE"", ""BOOK_SHA1:08d484022d"", ""EXEC:PAPER""]",0.0,0.0,0.0,0,False,,,,,,,,,,,BSM_BINARY_ND2,0.65,0.045,-1.4883340330178083,0.06540304552516406,0.06833141199188408,0.9571446516125287,PV_DISCOUNTED,4369330.0,2184665.0,0.13,0.14,0.86,0.87,SPREAD_WIDE,10.0,,80.0,115.60693641618506,244642.76999999996,2184665.0
1768063012785,v1.2,KXBTC2026200-27JAN01-200000,1768063012785,1798779600000,UNKNOWN,COINBASE,https://api.exchange.coinbase.com/products/BTC-USD/ticker,KALSHI,KXBTC2026200-27JAN01-200000,90531.475,True,RESOLUTION_UNKNOWN,1503,0.13,0.14,0.86,0.87,True,,0,0.14,0.87,0.06540304315354337,-0.07459695684645665,0.021741610139120238,217.41610139120237,,740.7407407407413,21073.42,KALSHI_PRICE_THRESHOLD,BTC-USD,,VENUE,drift_bps=0.0|vol_bps=0.0,NO_TRADE,THIN_BOOK,THIN_BOOK,"[""DEPTH_NEAR_USD:244643"", ""THIN_BOOK"", ""LAST_SHOCK:THIN_BOOK"", ""DATA:LIVE"", ""BOOK_SHA1:08d484022d"", ""EXEC:PAPER""]",0.0,0.0,0.0,0,False,,,,,,,,,,,BSM_BINARY_ND2,0.65,0.045,-1.4883340527283775,0.06540304315354337,0.06833140939412974,0.9571446532926636,PV_DISCOUNTED,4369330.0,2184665.0,0.13,0.14,0.86,0.87,SPREAD_WIDE,10.0,,80.0,115.60693641618506,244642.76999999996,2184665.0
1768063013971,v1.2,KXBTC2026200-27JAN01-200000,1768063013971,1798779600000,UNKNOWN,COINBASE,https://api.exchange.coinbase.com/products/BTC-USD/ticker,KALSHI,KXBTC2026200-27JAN01-200000,90531.475,True,RESOLUTION_UNKNOWN,849,0.13,0.14,0.86,0.87,True,,0,0.14,0.87,0.06540304086861876,-0.07459695913138126,0.021741614042761426,217.41614042761427,,740.7407407407413,21073.42,KALSHI_PRICE_THRESHOLD,BTC-USD,,VENUE,drift_bps=0.0|vol_bps=0.0,NO_TRADE,THIN_BOOK,THIN_BOOK,"[""DEPTH_NEAR_USD:244643"", ""THIN_BOOK"", ""LAST_SHOCK:THIN_BOOK"", ""DATA:LIVE"", ""BOOK_SHA1:08d484022d"", ""EXEC:PAPER""]",0.0,0.0,0.0,0,False,,,,,,,,,,,BSM_BINARY_ND2,0.65,0.045,-1.4883340717184153,0.06540304086861876,0.06833140689133793,0.9571446549113802,PV_DISCOUNTED,4369330.0,2184665.0,0.13,0.14,0.86,0.87,SPREAD_WIDE,10.0,,80.0,115.60693641618506,244642.76999999996,2184665.0
1768063015196,v1.2,KXBTC2026200-27JAN01-200000,1768063015196,1798779600000,UNKNOWN,COINBASE,https://api.exchange.coinbase.com/products/BTC-USD/ticker,KALSHI,KXBTC2026200-27JAN01-200000,90531.475,True,RESOLUTION_UNKNOWN,840,0.13,0.14,0.86,0.87,True,,0,0.14,0.87,0.06540303850855735,-0.07459696149144267,0.02174161807476882,217.4161807476882,,740.7407407407413,21073.42,KALSHI_PRICE_THRESHOLD,BTC-USD,,VENUE,drift_bps=0.0|vol_bps=0.0,NO_TRADE,THIN_BOOK,THIN_BOOK,"[""DEPTH_NEAR_USD:244643"", ""THIN_BOOK"", ""LAST_SHOCK:THIN_BOOK"", ""DATA:LIVE"", ""BOOK_SHA1:08d484022d"", ""EXEC:PAPER""]",0.0,0.0,0.0,0,False,,,,,,,,,,,BSM_BINARY_ND2,0.65,0.045,-1.488334091332916,0.06540303850855735,0.06833140430624507,0.9571446565833261,PV_DISCOUNTED,4369330.0,2184665.0,0.13,0.14,0.86,0.87,SPREAD_WIDE,10.0,,80.0,115.60693641618506,244642.76999999996,2184665.0
1768063016398,v1.2,KXBTC2026200-27JAN01-200000,1768063016398,1798779600000,UNKNOWN,COINBASE,https://api.exchange.coinbase.com/products/BTC-USD/ticker,KALSHI,KXBTC2026200-27JAN01-200000,90531.475,True,RESOLUTION_UNKNOWN,2068,0.13,0.14,0.86,0.87,True,,0,0.14,0.87,0.06540303619280725,-0.07459696380719276,0.021741622031073105,217.41622031073103,,740.7407407407413,21073.42,KALSHI_PRICE_THRESHOLD,BTC-USD,,VENUE,drift_bps=0.0|vol_bps=0.0,NO_TRADE,THIN_BOOK,THIN_BOOK,"[""DEPTH_NEAR_USD:244643"", ""THIN_BOOK"", ""LAST_SHOCK:THIN_BOOK"", ""DATA:LIVE"", ""BOOK_SHA1:08d484022d"", ""EXEC:PAPER""]",0.0,0.0,0.0,0,False,,,,,,,,,,,BSM_BINARY_ND2,0.65,0.045,-1.4883341105791457,0.06540303619280725,0.0683314017696886,0.9571446582238804,PV_DISCOUNTED,4369330.0,2184665.0,0.13,0.14,0.86,0.87,SPREAD_WIDE,10.0,,80.0,115.60693641618506,244642.76999999996,2184665.0
1768063017625,v1.2,KXBTC2026200-27JAN01-200000,1768063017625,1798779600000,UNKNOWN,COINBASE,https://api.exchange.coinbase.com/products/BTC-USD/ticker,KALSHI,KXBTC2026200-27JAN01-200000,90531.475,True,RESOLUTION_UNKNOWN,1252,0.13,0.14,0.86,0.87,True,,0,0.14,0.87,0.06540303382889251,-0.0745969661711075,0.021741626069663567,217.41626069663567,,740.7407407407413,21073.42,KALSHI_PRICE_THRESHOLD,BTC-USD,,VENUE,drift_bps=0.0|vol_bps=0.0,NO_TRADE,THIN_BOOK,THIN_BOOK,"[""DEPTH_NEAR_USD:244643"", ""THIN_BOOK"", ""LAST_SHOCK:THIN_BOOK"", ""DATA:LIVE"", ""BOOK_SHA1:08d484022d"", ""EXEC:PAPER""]",0.0,0.0,0.0,0,False,,,,,,,,,,,BSM_BINARY_ND2,0.65,0.045,-1.488334130225673,0.06540303382889251,0.06833139918037501,0.957144659898556,PV_DISCOUNTED,4369330.0,2184665.0,0.13,0.14,0.86,0.87,SPREAD_WIDE,10.0,,80.0,115.60693641618506,244642.76999999996,2184665.0
1768063018800,v1.2,KXBTC2026200-27JAN01-200000,1768063018800,1798779600000,UNKNOWN,COINBASE,https://api.exchange.coinbase.com/products/BTC-USD/ticker,KALSHI,KXBTC2026200-27JAN01-200000,90531.475,True,RESOLUTION_UNKNOWN,2432,0.13,0.14,0.86,0.87,True,,0,0.14,0.87,0.06540303156515984,-0.07459696843484018,0.021741629937099383,217.41629937099384,,740.7407407407413,21073.42,KALSHI_PRICE_THRESHOLD,BTC-USD,,VENUE,drift_bps=0.0|vol_bps=0.0,NO_TRADE,THIN_BOOK,THIN_BOOK,"[""DEPTH_NEAR_USD:244643"", ""THIN_BOOK"", ""LAST_SHOCK:THIN_BOOK"", ""DATA:LIVE"", ""BOOK_SHA1:08d484022d"", ""EXEC:PAPER""]",0.0,0.0,0.0,0,False,,,,,,,,,,,BSM_BINARY_ND2,0.65,0.045,-1.4883341490395856,0.06540303156515984,0.06833139670079585,0.9571446615022592,PV_DISCOUNTED,4369330.0,2184665.0,0.13,0.14,0.86,0.87,SPREAD_WIDE,10.0,,80.0,115.60693641618506,244642.76999999996,2184665.0
1768063019983,v1.2,KXBTC2026200-27JAN01-200000,1768063019983,1798779600000,UNKNOWN,COINBASE,https://api.exchange.coinbase.com/products/BTC-USD/ticker,KALSHI,KXBTC2026200-27JAN01-200000,90531.475,True,RESOLUTION_UNKNOWN,1454,0.13,0.14,0.86,0.87,True,,0,0.14,0.87,0.06540302928601438,-0.07459697071398563,0.021741633830866802,217.41633830866803,,740.7407407407413,21073.42,KALSHI_PRICE_THRESHOLD,BTC-USD,,VENUE,drift_bps=0.0|vol_bps=0.0,NO_TRADE,THIN_BOOK,THIN_BOOK,"[""DEPTH_NEAR_USD:244643"", ""THIN_BOOK"", ""LAST_SHOCK:THIN_BOOK"", ""DATA:LIVE"", ""BOOK_SHA1:08d484022d"", ""EXEC:PAPER""]",0.0,0.0,0.0,0,False,,,,,,,,,,,BSM_BINARY_ND2,0.65,0.045,-1.4883341679815945,0.06540302928601438,0.06833139420433432,0.9571446631168812,PV_DISCOUNTED,4369330.0,2184665.0,0.13,0.14,0.86,0.87,SPREAD_WIDE,10.0,,80.0,115.60693641618506,244642.76999999996,2184665.0
1768063021188,v1.2,KXBTC2026200-27JAN01-200000,1768063021188,1798779600000,UNKNOWN,COINBASE,https://api.exchange.coinbase.com/products/BTC-USD/ticker,KALSHI,KXBTC2026200-27JAN01-200000,90531.475,True,RESOLUTION_UNKNOWN,1634,0.13,0.14,0.86,0.87,True,,0,0.14,0.87,0.06540302696448415,-0.07459697303551587,0.021741637797045854,217.41637797045854,,740.7407407407413,21073.42,KALSHI_PRICE_THRESHOLD,BTC-USD,,VENUE,drift_bps=0.0|vol_bps=0.0,NO_TRADE,THIN_BOOK,THIN_BOOK,"[""DEPTH_NEAR_USD:244643"", ""THIN_BOOK"", ""LAST_SHOCK:THIN_BOOK"", ""DATA:LIVE"", ""BOOK_SHA1:08d484022d"", ""EXEC:PAPER""]",0.0,0.0,0.0,0,False,,,,,,,,,,,BSM_BINARY_ND2,0.65,0.045,-1.4883341872758649,0.06540302696448415,0.06833139166144664,0.95714466476153,PV_DISCOUNTED,4369330.0,2184665.0,0.13,0.14,0.86,0.87,SPREAD_WIDE,10.0,,80.0,115.60693641618506,244642.76999999996,2184665.0
1768063022446,v1.2,KXBTC2026200-27JAN01-200000,1768063022446,1798779600000,UNKNOWN,COINBASE,https://api.exchange.coinbase.com/products/BTC-USD/ticker,KALSHI,KXBTC2026200-27JAN01-200000,90545.905,True,RESOLUTION_UNKNOWN,664,0.13,0.14,0.86,0.87,True,,0,0.14,0.87,0.06543438201337799,-0.07456561798662202,0.021710284465138008,217.10284465138008,,740.7407407407413,21073.42,KALSHI_PRICE_THRESHOLD,BTC-USD,,VENUE,drift_bps=1.6|vol_bps=0.3,NO_TRADE,THIN_BOOK,THIN_BOOK,"[""DEPTH_NEAR_USD:244643"", ""THIN_BOOK"", ""LAST_SHOCK:THIN_BOOK"", ""DATA:LIVE"", ""BOOK_SHA1:08d484022d"", ""EXEC:PAPER""]",0.0,0.0,0.0,0,False,,,,,,,,,,,BSM_BINARY_ND2,0.65,0.045,-1.4880856742597326,0.06543438201337799,0.06836415048325062,0.957144666478516,PV_DISCOUNTED,4369330.0,2184665.0,0.13,0.14,0.86,0.87,SPREAD_WIDE,10.0,,80.0,115.60693641618506,244642.76999999996,2184665.0
1768063023682,v1.2,KXBTC2026200-27JAN01-200000,1768063023682,1798779600000,UNKNOWN,COINBASE,https://api.exchange.coinbase.com/products/BTC-USD/ticker,KALSHI,KXBTC2026200-27JAN01-200000,90550.735,True,RESOLUTION_UNKNOWN,843,0.13,0.14,0.86,0.87,True,,0,0.14,0.87,0.06544487705844625,-0.07455512294155377,0.02169979110702913,216.9979110702913,,740.7407407407413,21073.42,KALSHI_PRICE_THRESHOLD,BTC-USD,,VENUE,drift_bps=2.1|vol_bps=0.3,NO_TRADE,THIN_BOOK,THIN_BOOK,"[""DEPTH_NEAR_USD:244643"", ""THIN_BOOK"", ""LAST_SHOCK:THIN_BOOK"", ""DATA:LIVE"", ""BOOK_SHA1:08d484022d"", ""EXEC:PAPER""]",0.0,0.0,0.0,0,False,,,,,,,,,,,BSM_BINARY_ND2,0.65,0.045,-1.488002514037514,0.06544487705844625,0.06837511531447182,0.9571446681654754,PV_DISCOUNTED,4369330.0,2184665.0,0.13,0.14,0.86,0.87,SPREAD_WIDE,10.0,,80.0,115.60693641618506,244642.76999999996,2184665.0
1768063024876,v1.2,KXBTC2026200-27JAN01-200000,1768063024876,1798779600000,UNKNOWN,COINBASE,https://api.exchange.coinbase.com/products/BTC-USD/ticker,KALSHI,KXBTC2026200-27JAN01-200000,90550.69,True,RESOLUTION_UNKNOWN,962,0.13,0.14,0.86,0.87,True,,0,0.14,0.87,0.06544477695227989,-0.07455522304772012,0.021699892842830915,216.99892842830914,,740.7407407407413,21073.42,KALSHI_PRICE_THRESHOLD,BTC-USD,,VENUE,drift_bps=2.1|vol_bps=0.3,NO_TRADE,THIN_BOOK,THIN_BOOK,"[""DEPTH_NEAR_USD:244643"", ""THIN_BOOK"", ""LAST_SHOCK:THIN_BOOK"", ""DATA:LIVE"", ""BOOK_SHA1:08d484022d"", ""EXEC:PAPER""]",0.0,0.0,0.0,0,False,,,,,,,,,,,BSM_BINARY_ND2,0.65,0.045,-1.4880033080977675,0.06544477695227989,0.06837501060972234,0.9571446697951108,PV_DISCOUNTED,4369330.0,2184665.0,0.13,0.14,0.86,0.87,SPREAD_WIDE,10.0,,80.0,115.60693641618506,244642.76999999996,2184665.0
1768063026054,v1.2,KXBTC2026200-27JAN01-200000,1768063026054,1798779600000,UNKNOWN,COINBASE,https://api.exchange.coinbase.com/products/BTC-USD/ticker,KALSHI,KXBTC2026200-27JAN01-200000,90550.475,True,RESOLUTION_UNKNOWN,636,0.13,0.14,0.86,0.87,True,,0,0.14,0.87,0.06544430739030425,-0.07455569260969576,0.021700364012604334,217.00364012604334,,740.7407407407413,21073.42,KALSHI_PRICE_THRESHOLD,BTC-USD,,VENUE,drift_bps=2.1|vol_bps=0.3,NO_TRADE,THIN_BOOK,THIN_BOOK,"[""DEPTH_NEAR_USD:244643"", ""THIN_BOOK"", ""LAST_SHOCK:THIN_BOOK"", ""DATA:LIVE"", ""BOOK_SHA1:08d484022d"", ""EXEC:PAPER""]",0.0,0.0,0.0,0,False,,,,,,,,,,,BSM_BINARY_ND2,0.65,0.045,-1.488007029490755,0.06544430739030425,0.06837451990865817,0.9571446714029086,PV_DISCOUNTED,4369330.0,2184665.0,0.13,0.14,0.86,0.87,SPREAD_WIDE,10.0,,80.0,115.60693641618506,244642.76999999996,2184665.0
1768063027253,v1.2,KXBTC2026200-27JAN01-200000,1768063027253,1798779600000,UNKNOWN,COINBASE,https://api.exchange.coinbase.com/products/BTC-USD/ticker,KALSHI,KXBTC2026200-27JAN01-200000,90549.0,True,RESOLUTION_UNKNOWN,1860,0.13,0.14,0.86,0.87,True,,0,0.14,0.87,0.06544109927798063,-0.07455890072201939,0.02170357376138765,217.0357376138765,,740.7407407407413,21073.42,KALSHI_PRICE_THRESHOLD,BTC-USD,,VENUE,drift_bps=1.9|vol_bps=0.3,NO_TRADE,THIN_BOOK,THIN_BOOK,"[""DEPTH_NEAR_USD:244643"", ""THIN_BOOK"", ""LAST_SHOCK:THIN_BOOK"", ""DATA:LIVE"", ""BOOK_SHA1:08d484022d"", ""EXEC:PAPER""]",0.0,0.0,0.0,0,False,,,,,,,,,,,BSM_BINARY_ND2,0.65,0.045,-1.488032450048631,0.06544109927798063,0.06837116803897103,0.9571446730393682,PV_DISCOUNTED,4369330.0,2184665.0,0.13,0.14,0.86,0.87,SPREAD_WIDE,10.0,,80.0,115.60693641618506,244642.76999999996,2184665.0
1768063028483,v1.2,KXBTC2026200-27JAN01-200000,1768063028483,1798779600000,UNKNOWN,COINBASE,https://api.exchange.coinbase.com/products/BTC-USD/ticker,KALSHI,KXBTC2026200-27JAN01-200000,90547.10500000001,True,RESOLUTION_UNKNOWN,1074,0.13,0.14,0.86,0.87,True,,0,0.14,0.87,0.06543697836862919,-0.07456302163137082,0.02170769634950931,217.07696349509308,,740.7407407407413,21073.42,KALSHI_PRICE_THRESHOLD,BTC-USD,,VENUE,drift_bps=1.7|vol_bps=0.3,NO_TRADE,THIN_BOOK,THIN_BOOK,"[""DEPTH_NEAR_USD:244643"", ""THIN_BOOK"", ""LAST_SHOCK:THIN_BOOK"", ""DATA:LIVE"", ""BOOK_SHA1:08d484022d"", ""EXEC:PAPER""]",0.0,0.0,0.0,0,False,,,,,,,,,,,BSM_BINARY_ND2,0.65,0.045,-1.4880651046425133,0.06543697836862919,0.0683668624995476,0.9571446747181385,PV_DISCOUNTED,4369330.0,2184665.0,0.13,0.14,0.86,0.87,SPREAD_WIDE,10.0,,80.0,115.60693641618506,244642.76999999996,2184665.0
1768063029665,v1.2,KXBTC2026200-27JAN01-200000,1768063029665,1798779600000,UNKNOWN,COINBASE,https://api.exchange.coinbase.com/products/BTC-USD/ticker,KALSHI,KXBTC2026200-27JAN01-200000,90547.10500000001,True,RESOLUTION_UNKNOWN,1466,0.13,0.14,0.86,0.87,True,,0,0.14,0.87,0.06543697609116376,-0.07456302390883625,0.021707700240231942,217.0770024023194,,740.7407407407413,21073.42,KALSHI_PRICE_THRESHOLD,BTC-USD,,VENUE,drift_bps=1.7|vol_bps=0.3,NO_TRADE,THIN_BOOK,THIN_BOOK,"[""DEPTH_NEAR_USD:244643"", ""THIN_BOOK"", ""LAST_SHOCK:THIN_BOOK"", ""DATA:LIVE"", ""BOOK_SHA1:08d484022d"", ""EXEC:PAPER""]",0.0,0.0,0.0,0,False,,,,,,,,,,,BSM_BINARY_ND2,0.65,0.045,-1.488065123563341,0.06543697609116376,0.06836686000487902,0.9571446763313957,PV_DISCOUNTED,4369330.0,2184665.0,0.13,0.14,0.86,0.87,SPREAD_WIDE,10.0,,80.0,115.60693641618506,244642.76999999996,2184665.0
1768063030868,v1.2,KXBTC2026200-27JAN01-200000,1768063030868,1798779600000,UNKNOWN,COINBASE,https://api.exchange.coinbase.com/products/BTC-USD/ticker,KALSHI,KXBTC2026200-27JAN01-200000,90547.10500000001,True,RESOLUTION_UNKNOWN,1959,0.13,0.14,0.86,0.87,True,,0,0.14,0.87,0.06543697377323567,-0.07456302622676435,0.02170770420007906,217.07704200079058,,740.7407407407413,21073.42,KALSHI_PRICE_THRESHOLD,BTC-USD,,VENUE,drift_bps=1.7|vol_bps=0.3,NO_TRADE,THIN_BOOK,THIN_BOOK,"[""DEPTH_NEAR_USD:244643"", ""THIN_BOOK"", ""LAST_SHOCK:THIN_BOOK"", ""DATA:LIVE"", ""BOOK_SHA1:08d484022d"", ""EXEC:PAPER""]",0.0,0.0,0.0,0,False,,,,,,,,,,,BSM_BINARY_ND2,0.65,0.045,-1.488065142820327,0.06543697377323567,0.06836685746588883,0.9571446779733147,PV_DISCOUNTED,4369330.0,2184665.0,0.13,0.14,0.86,0.87,SPREAD_WIDE,10.0,,80.0,115.60693641618506,244642.76999999996,2184665.0
1768063032097,v1.2,KXBTC2026200-27JAN01-200000,1768063032097,1798779600000,UNKNOWN,COINBASE,https://api.exchange.coinbase.com/products/BTC-USD/ticker,KALSHI,KXBTC2026200-27JAN01-200000,90546.91500000001,True,RESOLUTION_UNKNOWN,569,0.13,0.14,0.86,0.87,True,,0,0.14,0.87,0.06543655847087508,-0.07456344152912493,0.021708121179845108,217.08121179845108,,740.7407407407413,21073.42,KALSHI_PRICE_THRESHOLD,BTC-USD,,VENUE,drift_bps=1.7|vol_bps=0.2,NO_TRADE,THIN_BOOK,THIN_BOOK,"[""DEPTH_NEAR_USD:244643"", ""THIN_BOOK"", ""LAST_SHOCK:THIN_BOOK"", ""DATA:LIVE"", ""BOOK_SHA1:08d484022d"", ""EXEC:PAPER""]",0.0,0.0,0.0,0,False,,,,,,,,,,,BSM_BINARY_ND2,0.65,0.045,-1.4880684346327018,0.06543655847087508,0.06836642344891275,0.9571446796507201,PV_DISCOUNTED,4369330.0,2184665.0,0.13,0.14,0.86,0.87,SPREAD_WIDE,10.0,,80.0,115.60693641618506,244642.76999999996,2184665.0
1768063033305,v1.2,KXBTC2026200-27JAN01-200000,1768063033305,1798779600000,UNKNOWN,COINBASE,https://api.exchange.coinbase.com/products/BTC-USD/ticker,KALSHI,KXBTC2026200-27JAN01-200000,90546.86499999999,True,RESOLUTION_UNKNOWN,1558,0.13,0.14,0.86,0.87,True,,0,0.14,0.87,0.06543644747657622,-0.0745635525234238,0.021708233822887335,217.08233822887334,,740.7407407407413,21073.42,KALSHI_PRICE_THRESHOLD,BTC-USD,,VENUE,drift_bps=1.7|vol_bps=0.2,NO_TRADE,THIN_BOOK,THIN_BOOK,"[""DEPTH_NEAR_USD:244643"", ""THIN_BOOK"", ""LAST_SHOCK:THIN_BOOK"", ""DATA:LIVE"", ""BOOK_SHA1:08d484022d"", ""EXEC:PAPER""]",0.0,0.0,0.0,0,False,,,,,,,,,,,BSM_BINARY_ND2,0.65,0.045,-1.4880693150602122,0.06543644747657622,0.06836630736717535,0.9571446812994635,PV_DISCOUNTED,4369330.0,2184665.0,0.13,0.14,0.86,0.87,SPREAD_WIDE,10.0,,80.0,115.60693641618506,244642.76999999996,2184665.0
1768063034512,v1.2,KXBTC2026200-27JAN01-200000,1768063034512,1798779600000,UNKNOWN,COINBASE,https://api.exchange.coinbase.com/products/BTC-USD/ticker,KALSHI,KXBTC2026200-27JAN01-200000,90546.86499999999,True,RESOLUTION_UNKNOWN,1097,0.13,0.14,0.86,0.87,True,,0,0.14,0.87,0.06543644515094448,-0.07456355484905554,0.02170823779589759,217.08237795897588,,740.7407407407413,21073.42,KALSHI_PRICE_THRESHOLD,BTC-USD,,VENUE,drift_bps=1.7|vol_bps=0.2,NO_TRADE,THIN_BOOK,THIN_BOOK,"[""DEPTH_NEAR_USD:244643"", ""THIN_BOOK"", ""LAST_SHOCK:THIN_BOOK"", ""DATA:LIVE"", ""BOOK_SHA1:08d484022d"", ""EXEC:PAPER""]",0.0,0.0,0.0,0,False,,,,,,,,,,,BSM_BINARY_ND2,0.65,0.045,-1.4880693343813132,0.06543644515094448,0.06836630481974759,0.9571446829468421,PV_DISCOUNTED,4369330.0,2184665.0,0.13,0.14,0.86,0.87,SPREAD_WIDE,10.0,,80.0,115.60693641618506,244642.76999999996,2184665.0
1768063035689,v1.2,KXBTC2026200-27JAN01-200000,1768063035689,1798779600000,UNKNOWN,COINBASE,https://api.exchange.coinbase.com/products/BTC-USD/ticker,KALSHI,KXBTC2026200-27JAN01-200000,90546.86499999999,True,RESOLUTION_UNKNOWN,892,0.13,0.14,0.86,0.87,True,,0,0.14,0.87,0.0654364428831162,-0.07456355711688381,0.021708241670158723,217.08241670158722,,740.7407407407413,21073.42,KALSHI_PRICE_THRESHOLD,BTC-USD,,VENUE,drift_bps=1.7|vol_bps=0.2,NO_TRADE,THIN_BOOK,THIN_BOOK,"[""DEPTH_NEAR_USD:244643"", ""THIN_BOOK"", ""LAST_SHOCK:THIN_BOOK"", ""DATA:LIVE"", ""BOOK_SHA1:08d484022d"", ""EXEC:PAPER""]",0.0,0.0,0.0,0,False,,,,,,,,,,,BSM_BINARY_ND2,0.65,0.045,-1.4880693532221896,0.0654364428831162,0.06836630233563606,0.957144684553275,PV_DISCOUNTED,4369330.0,2184665.0,0.13,0.14,0.86,0.87,SPREAD_WIDE,10.0,,80.0,115.60693641618506,244642.76999999996,2184665.0
1768063036891,v1.2,KXBTC2026200-27JAN01-200000,1768063036891,1798779600000,UNKNOWN,COINBASE,https://api.exchange.coinbase.com/products/BTC-USD/ticker,KALSHI,KXBTC2026200-27JAN01-200000,90546.86499999999,True,RESOLUTION_UNKNOWN,2101,0.13,0.14,0.86,0.87,True,,0,0.14,0.87,0.06543644056711816,-0.07456355943288186,0.021708245626711142,217.0824562671114,,740.7407407407413,21073.42,KALSHI_PRICE_THRESHOLD,BTC-USD,,VENUE,drift_bps=1.7|vol_bps=0.2,NO_TRADE,THIN_BOOK,THIN_BOOK,"[""DEPTH_NEAR_USD:244643"", ""THIN_BOOK"", ""LAST_SHOCK:THIN_BOOK"", ""DATA:LIVE"", ""BOOK_SHA1:08d484022d"", ""EXEC:PAPER""]",0.0,0.0,0.0,0,False,,,,,,,,,,,BSM_BINARY_ND2,0.65,0.045,-1.4880693724632557,0.06543644056711816,0.0683662997987608,0.9571446861938293,PV_DISCOUNTED,4369330.0,2184665.0,0.13,0.14,0.86,0.87,SPREAD_WIDE,10.0,,80.0,115.60693641618506,244642.76999999996,2184665.0
1768063038105,v1.2,KXBTC2026200-27JAN01-200000,1768063038105,1798779600000,UNKNOWN,COINBASE,https://api.exchange.coinbase.com/products/BTC-USD/ticker,KALSHI,KXBTC2026200-27JAN01-200000,90546.86499999999,True,RESOLUTION_UNKNOWN,2135,0.13,0.14,0.86,0.87,True,,0,0.14,0.87,0.06543643822799862,-0.0745635617720014,0.021708249622763187,217.08249622763188,,740.7407407407413,21073.42,KALSHI_PRICE_THRESHOLD,BTC-USD,,VENUE,drift_bps=1.7|vol_bps=0.2,NO_TRADE,THIN_BOOK,THIN_BOOK,"[""DEPTH_NEAR_USD:244643"", ""THIN_BOOK"", ""LAST_SHOCK:THIN_BOOK"", ""DATA:LIVE"", ""BOOK_SHA1:08d484022d"", ""EXEC:PAPER""]",0.0,0.0,0.0,0,False,,,,,,,,,,,BSM_BINARY_ND2,0.65,0.045,-1.4880693918964134,0.06543643822799862,0.06836629723655896,0.9571446878507618,PV_DISCOUNTED,4369330.0,2184665.0,0.13,0.14,0.86,0.87,SPREAD_WIDE,10.0,,80.0,115.60693641618506,244642.76999999996,2184665.0
1768063039305,v1.2,KXBTC2026200-27JAN01-200000,1768063039305,1798779600000,UNKNOWN,COINBASE,https://api.exchange.coinbase.com/products/BTC-USD/ticker,KALSHI,KXBTC2026200-27JAN01-200000,90546.86499999999,True,RESOLUTION_UNKNOWN,3364,0.13,0.14,0.86,0.87,True,,0,0.14,0.87,0.06543643591585391,-0.0745635640841461,0.02170825357273254,217.0825357273254,,740.7407407407413,21073.42,KALSHI_PRICE_THRESHOLD,BTC-USD,,VENUE,drift_bps=1.7|vol_bps=0.2,NO_TRADE,THIN_BOOK,THIN_BOOK,"[""DEPTH_NEAR_USD:244643"", ""THIN_BOOK"", ""LAST_SHOCK:THIN_BOOK"", ""DATA:LIVE"", ""BOOK_SHA1:08d484022d"", ""EXEC:PAPER""]",0.0,0.0,0.0,0,False,,,,,,,,,,,BSM_BINARY_ND2,0.65,0.045,-1.4880694111054673,0.06543643591585391,0.06836629470390454,0.9571446894885864,PV_DISCOUNTED,4369330.0,2184665.0,0.13,0.14,0.86,0.87,SPREAD_WIDE,10.0,,80.0,115.60693641618506,244642.76999999996,2184665.0
1768063040546,v1.2,KXBTC2026200-27JAN01-200000,1768063040546,1798779600000,UNKNOWN,COINBASE,https://api.exchange.coinbase.com/products/BTC-USD/ticker,KALSHI,KXBTC2026200-27JAN01-200000,90546.86499999999,True,RESOLUTION_UNKNOWN,886,0.13,0.14,0.86,0.87,True,,0,0.14,0.87,0.06543643352471092,-0.0745635664752891,0.021708257657659047,217.08257657659047,,740.7407407407413,21073.42,KALSHI_PRICE_THRESHOLD,BTC-USD,,VENUE,drift_bps=1.7|vol_bps=0.2,NO_TRADE,THIN_BOOK,THIN_BOOK,"[""DEPTH_NEAR_USD:244643"", ""THIN_BOOK"", ""LAST_SHOCK:THIN_BOOK"", ""DATA:LIVE"", ""BOOK_SHA1:08d484022d"", ""EXEC:PAPER""]",0.0,0.0,0.0,0,False,,,,,,,,,,,BSM_BINARY_ND2,0.65,0.045,-1.4880694309708313,0.06543643352471092,0.06836629208471778,0.95714469118237,PV_DISCOUNTED,4369330.0,2184665.0,0.13,0.14,0.86,0.87,SPREAD_WIDE,10.0,,80.0,115.60693641618506,244642.76999999996,2184665.0
1768063041769,v1.2,KXBTC2026200-27JAN01-200000,1768063041769,1798779600000,UNKNOWN,COINBASE,https://api.exchange.coinbase.com/products/BTC-USD/ticker,KALSHI,KXBTC2026200-27JAN01-200000,90546.86499999999,True,RESOLUTION_UNKNOWN,795,0.13,0.14,0.86,0.87,True,,0,0.14,0.87,0.06543643116824989,-0.07456356883175012,0.021708261683336283,217.08261683336283,,740.7407407407413,21073.42,KALSHI_PRICE_THRESHOLD,BTC-USD,,VENUE,drift_bps=1.7|vol_bps=0.2,NO_TRADE,THIN_BOOK,THIN_BOOK,"[""DEPTH_NEAR_USD:244643"", ""THIN_BOOK"", ""LAST_SHOCK:THIN_BOOK"", ""DATA:LIVE"", ""BOOK_SHA1:08d484022d"", ""EXEC:PAPER""]",0.0,0.0,0.0,0,False,,,,,,,,,,,BSM_BINARY_ND2,0.65,0.045,-1.4880694505480612,0.06543643116824989,0.06836628950352064,0.9571446928515862,PV_DISCOUNTED,4369330.0,2184665.0,0.13,0.14,0.86,0.87,SPREAD_WIDE,10.0,,80.0,115.60693641618506,244642.76999999996,2184665.0
1768063042965,v1.2,KXBTC2026200-27JAN01-200000,1768063042965,1798779600000,UNKNOWN,COINBASE,https://api.exchange.coinbase.com/products/BTC-USD/ticker,KALSHI,KXBTC2026200-27JAN01-200000,90546.86499999999,True,RESOLUTION_UNKNOWN,1161,0.13,0.14,0.86,0.87,True,,0,0.14,0.87,0.06543642886381203,-0.07456357113618799,0.02170826562013939,217.0826562013939,,740.7407407407413,21073.42,KALSHI_PRICE_THRESHOLD,BTC-USD,,VENUE,drift_bps=1.7|vol_bps=0.2,NO_TRADE,THIN_BOOK,THIN_BOOK,"[""DEPTH_NEAR_USD:244643"", ""THIN_BOOK"", ""LAST_SHOCK:THIN_BOOK"", ""DATA:LIVE"", ""BOOK_SHA1:08d484022d"", ""EXEC:PAPER""]",0.0,0.0,0.0,0,False,,,,,,,,,,,BSM_BINARY_ND2,0.65,0.045,-1.4880694696930887,0.06543642886381203,0.06836628697930813,0.9571446944839515,PV_DISCOUNTED,4369330.0,2184665.0,0.13,0.14,0.86,0.87,SPREAD_WIDE,10.0,,80.0,115.60693641618506,244642.76999999996,2184665.0
1768063044160,v1.2,KXBTC2026200-27JAN01-200000,1768063044160,1798779600000,UNKNOWN,COINBASE,https://api.exchange.coinbase.com/products/BTC-USD/ticker,KALSHI,KXBTC2026200-27JAN01-200000,90546.86499999999,True,RESOLUTION_UNKNOWN,1537,0.13,0.14,0.86,0.87,True,,0,0.14,0.87,0.06543642656130094,-0.07456357343869907,0.021708269553650905,217.08269553650905,,740.7407407407413,21073.42,KALSHI_PRICE_THRESHOLD,BTC-USD,,VENUE,drift_bps=1.7|vol_bps=0.2,NO_TRADE,THIN_BOOK,THIN_BOOK,"[""DEPTH_NEAR_USD:244643"", ""THIN_BOOK"", ""LAST_SHOCK:THIN_BOOK"", ""DATA:LIVE"", ""BOOK_SHA1:08d484022d"", ""EXEC:PAPER""]",0.0,0.0,0.0,0,False,,,,,,,,,,,BSM_BINARY_ND2,0.65,0.045,-1.48806948882211,0.06543642656130094,0.06836628445720616,0.9571446961149518,PV_DISCOUNTED,4369330.0,2184665.0,0.13,0.14,0.86,0.87,SPREAD_WIDE,10.0,,80.0,115.60693641618506,244642.76999999996,2184665.0
1768063045376,v1.2,KXBTC2026200-27JAN01-200000,1768063045376,1798779600000,UNKNOWN,COINBASE,https://api.exchange.coinbase.com/products/BTC-USD/ticker,KALSHI,KXBTC2026200-27JAN01-200000,90546.86499999999,True,RESOLUTION_UNKNOWN,1606,0.13,0.14,0.86,0.87,True,,0,0.14,0.87,0.06543642421832717,-0.07456357578167284,0.021708273556286795,217.08273556286795,,740.7407407407413,21073.42,KALSHI_PRICE_THRESHOLD,BTC-USD,,VENUE,drift_bps=1.7|vol_bps=0.2,NO_TRADE,THIN_BOOK,THIN_BOOK,"[""DEPTH_NEAR_USD:244643"", ""THIN_BOOK"", ""LAST_SHOCK:THIN_BOOK"", ""DATA:LIVE"", ""BOOK_SHA1:08d484022d"", ""EXEC:PAPER""]",0.0,0.0,0.0,0,False,,,,,,,,,,,BSM_BINARY_ND2,0.65,0.045,-1.4880695082872908,0.06543642421832717,0.06836628189078259,0.957144697774614,PV_DISCOUNTED,4369330.0,2184665.0,0.13,0.14,0.86,0.87,SPREAD_WIDE,10.0,,80.0,115.60693641618506,244642.76999999996,2184665.0
1768063046584,v1.2,KXBTC2026200-27JAN01-200000,1768063046584,1798779600000,UNKNOWN,COINBASE,https://api.exchange.coinbase.com/products/BTC-USD/ticker,KALSHI,KXBTC2026200-27JAN01-200000,90539.1,True,RESOLUTION_UNKNOWN,165,0.13,0.14,0.86,0.87,True,,0,0.14,0.87,0.06541954690919083,-0.07458045309080918,0.021725152514166624,217.25152514166624,,740.7407407407413,21073.42,KALSHI_PRICE_THRESHOLD,BTC-USD,,VENUE,drift_bps=0.8|vol_bps=0.3,NO_TRADE,THIN_BOOK,THIN_BOOK,"[""DEPTH_NEAR_USD:244643"", ""THIN_BOOK"", ""LAST_SHOCK:THIN_BOOK"", ""DATA:LIVE"", ""BOOK_SHA1:08d484022d"", ""EXEC:PAPER""]",0.0,0.0,0.0,0,False,,,,,,,,,,,BSM_BINARY_ND2,0.65,0.045,-1.4882032607667273,0.06541954690919083,0.06834864879741127,0.9571446994233574,PV_DISCOUNTED,4369330.0,2184665.0,0.13,0.14,0.86,0.87,SPREAD_WIDE,10.0,,80.0,115.60693641618506,244642.76999999996,2184665.0
1768063047790,v1.2,KXBTC2026200-27JAN01-200000,1768063047790,1798779600000,UNKNOWN,COINBASE,https://api.exchange.coinbase.com/products/BTC-USD/ticker,KALSHI,KXBTC2026200-27JAN01-200000,90539.10500000001,True,RESOLUTION_UNKNOWN,617,0.13,0.14,0.86,0.87,True,,0,0.14,0.87,0.06541955545104808,-0.07458044454895194,0.02172514561832317,217.2514561832317,,740.7407407407413,21073.42,KALSHI_PRICE_THRESHOLD,BTC-USD,,VENUE,drift_bps=0.8|vol_bps=0.3,NO_TRADE,THIN_BOOK,THIN_BOOK,"[""DEPTH_NEAR_USD:244643"", ""THIN_BOOK"", ""LAST_SHOCK:THIN_BOOK"", ""DATA:LIVE"", ""BOOK_SHA1:08d484022d"", ""EXEC:PAPER""]",0.0,0.0,0.0,0,False,,,,,,,,,,,BSM_BINARY_ND2,0.65,0.045,-1.4882031939579918,0.06541955545104808,0.06834865760418252,0.9571447010693712,PV_DISCOUNTED,4369330.0,2184665.0,0.13,0.14,0.86,0.87,SPREAD_WIDE,10.0,,80.0,115.60693641618506,244642.76999999996,2184665.0
1768063048980,v1.2,KXBTC2026200-27JAN01-200000,1768063048980,1798779600000,UNKNOWN,COINBASE,https://api.exchange.coinbase.com/products/BTC-USD/ticker,KALSHI,KXBTC2026200-27JAN01-200000,90539.095,True,RESOLUTION_UNKNOWN,521,0.13,0.14,0.86,0.87,True,,0,0.14,0.87,0.06541953142741648,-0.07458046857258353,0.021725171266130716,217.25171266130715,,740.7407407407413,21073.42,KALSHI_PRICE_THRESHOLD,BTC-USD,,VENUE,drift_bps=0.8|vol_bps=0.3,NO_TRADE,THIN_BOOK,THIN_BOOK,"[""DEPTH_NEAR_USD:244643"", ""THIN_BOOK"", ""LAST_SHOCK:THIN_BOOK"", ""DATA:LIVE"", ""BOOK_SHA1:08d484022d"", ""EXEC:PAPER""]",0.0,0.0,0.0,0,False,,,,,,,,,,,BSM_BINARY_ND2,0.65,0.045,-1.4882033852425152,0.06541953142741648,0.06834863238893368,0.9571447026935472,PV_DISCOUNTED,4369330.0,2184665.0,0.13,0.14,0.86,0.87,SPREAD_WIDE,10.0,,80.0,115.60693641618506,244642.76999999996,2184665.0
1768063050161,v1.2,KXBTC2026200-27JAN01-200000,1768063050161,1798779600000,UNKNOWN,COINBASE,https://api.exchange.coinbase.com/products/BTC-USD/ticker,KALSHI,KXBTC2026200-27JAN01-200000,90539.14,True,RESOLUTION_UNKNOWN,709,0.13,0.14,0.86,0.87,True,,0,0.14,0.87,0.06541962694097121,-0.0745803730590288,0.02172507736446838,217.25077364468382,,740.7407407407413,21073.42,KALSHI_PRICE_THRESHOLD,BTC-USD,,VENUE,drift_bps=0.8|vol_bps=0.3,NO_TRADE,THIN_BOOK,THIN_BOOK,"[""DEPTH_NEAR_USD:244643"", ""THIN_BOOK"", ""LAST_SHOCK:THIN_BOOK"", ""DATA:LIVE"", ""BOOK_SHA1:08d484022d"", ""EXEC:PAPER""]",0.0,0.0,0.0,0,False,,,,,,,,,,,BSM_BINARY_ND2,0.65,0.045,-1.4882026291018897,0.06541962694097121,0.06834873206391873,0.9571447043054396,PV_DISCOUNTED,4369330.0,2184665.0,0.13,0.14,0.86,0.87,SPREAD_WIDE,10.0,,80.0,115.60693641618506,244642.76999999996,2184665.0
1768063051370,v1.2,KXBTC2026200-27JAN01-200000,1768063051370,1798779600000,UNKNOWN,COINBASE,https://api.exchange.coinbase.com/products/BTC-USD/ticker,KALSHI,KXBTC2026200-27JAN01-200000,90539.61,True,RESOLUTION_UNKNOWN,863,0.13,0.14,0.86,0.87,True,,0,0.14,0.87,0.06542064596689451,-0.0745793540331055,0.021724059988653344,217.24059988653343,,740.7407407407413,21073.42,KALSHI_PRICE_THRESHOLD,BTC-USD,,VENUE,drift_bps=0.9|vol_bps=0.3,NO_TRADE,THIN_BOOK,THIN_BOOK,"[""DEPTH_NEAR_USD:244643"", ""THIN_BOOK"", ""LAST_SHOCK:THIN_BOOK"", ""DATA:LIVE"", ""BOOK_SHA1:08d484022d"", ""EXEC:PAPER""]",0.0,0.0,0.0,0,False,,,,,,,,,,,BSM_BINARY_ND2,0.65,0.045,-1.4881945535334755,0.06542064596689451,0.0683497965979794,0.9571447059555479,PV_DISCOUNTED,4369330.0,2184665.0,0.13,0.14,0.86,0.87,SPREAD_WIDE,10.0,,80.0,115.60693641618506,244642.76999999996,2184665.0
1768063052563,v1.2,KXBTC2026200-27JAN01-200000,1768063052563,1798779600000,UNKNOWN,COINBASE,https://api.exchange.coinbase.com/products/BTC-USD/ticker,KALSHI,KXBTC2026200-27JAN01-200000,90541.06,True,RESOLUTION_UNKNOWN,1270,0.13,0.14,0.86,0.87,True,,0,0.14,0.87,0.06542379470216349,-0.07457620529783653,0.021720912881655008,217.20912881655008,,740.7407407407413,21073.42,KALSHI_PRICE_THRESHOLD,BTC-USD,,VENUE,drift_bps=1.1|vol_bps=0.3,NO_TRADE,THIN_BOOK,THIN_BOOK,"[""DEPTH_NEAR_USD:244643"", ""THIN_BOOK"", ""LAST_SHOCK:THIN_BOOK"", ""DATA:LIVE"", ""BOOK_SHA1:08d484022d"", ""EXEC:PAPER""]",0.0,0.0,0.0,0,False,,,,,,,,,,,BSM_BINARY_ND2,0.65,0.045,-1.4881695991950106,0.06542379470216349,0.0683530861987598,0.9571447075838185,PV_DISCOUNTED,4369330.0,2184665.0,0.13,0.14,0.86,0.87,SPREAD_WIDE,10.0,,80.0,115.60693641618506,244642.76999999996,2184665.0
1768063053766,v1.2,KXBTC2026200-27JAN01-200000,1768063053766,1798779600000,UNKNOWN,COINBASE,https://api.exchange.coinbase.com/products/BTC-USD/ticker,KALSHI,KXBTC2026200-27JAN01-200000,90538.225,True,RESOLUTION_UNKNOWN,1137,0.13,0.14,0.86,0.87,True,,0,0.14,0.87,0.06541763163222182,-0.07458236836777819,0.021727077593515998,217.27077593515997,,740.7407407407413,21073.42,KALSHI_PRICE_THRESHOLD,BTC-USD,,VENUE,drift_bps=0.7|vol_bps=0.3,NO_TRADE,THIN_BOOK,THIN_BOOK,"[""DEPTH_NEAR_USD:244643"", ""THIN_BOOK"", ""LAST_SHOCK:THIN_BOOK"", ""DATA:LIVE"", ""BOOK_SHA1:08d484022d"", ""EXEC:PAPER""]",0.0,0.0,0.0,0,False,,,,,,,,,,,BSM_BINARY_ND2,0.65,0.045,-1.488218446205353,0.06541763163222182,0.06834664706566684,0.9571447092257378,PV_DISCOUNTED,4369330.0,2184665.0,0.13,0.14,0.86,0.87,SPREAD_WIDE,10.0,,80.0,115.60693641618506,244642.76999999996,2184665.0
1768063054981,v1.2,KXBTC2026200-27JAN01-200000,1768063054981,1798779600000,UNKNOWN,COINBASE,https://api.exchange.coinbase.com/products/BTC-USD/ticker,KALSHI,KXBTC2026200-27JAN01-200000,90538.225,True,RESOLUTION_UNKNOWN,2137,0.13,0.14,0.86,0.87,True,,0,0.14,0.87,0.06541762929131352,-0.0745823707086865,0.02172708159272163,217.27081592721632,,740.7407407407413,21073.42,KALSHI_PRICE_THRESHOLD,BTC-USD,,VENUE,drift_bps=0.7|vol_bps=0.3,NO_TRADE,THIN_BOOK,THIN_BOOK,"[""DEPTH_NEAR_USD:244643"", ""THIN_BOOK"", ""LAST_SHOCK:THIN_BOOK"", ""DATA:LIVE"", ""BOOK_SHA1:08d484022d"", ""EXEC:PAPER""]",0.0,0.0,0.0,0,False,,,,,,,,,,,BSM_BINARY_ND2,0.65,0.045,-1.48821846565748,0.06541762929131352,0.06834664450153277,0.9571447108840352,PV_DISCOUNTED,4369330.0,2184665.0,0.13,0.14,0.86,0.87,SPREAD_WIDE,10.0,,80.0,115.60693641618506,244642.76999999996,2184665.0
1768063056218,v1.2,KXBTC2026200-27JAN01-200000,1768063056218,1798779600000,UNKNOWN,COINBASE,https://api.exchange.coinbase.com/products/BTC-USD/ticker,KALSHI,KXBTC2026200-27JAN01-200000,90538.225,True,RESOLUTION_UNKNOWN,1068,0.13,0.14,0.86,0.87,True,,0,0.14,0.87,0.0654176269080183,-0.07458237309198171,0.021727085664341117,217.27085664341118,,740.7407407407413,21073.42,KALSHI_PRICE_THRESHOLD,BTC-USD,,VENUE,drift_bps=0.7|vol_bps=0.3,NO_TRADE,THIN_BOOK,THIN_BOOK,"[""DEPTH_NEAR_USD:244643"", ""THIN_BOOK"", ""LAST_SHOCK:THIN_BOOK"", ""DATA:LIVE"", ""BOOK_SHA1:08d484022d"", ""EXEC:PAPER""]",0.0,0.0,0.0,0,False,,,,,,,,,,,BSM_BINARY_ND2,0.65,0.045,-1.4882184854618283,0.0654176269080183,0.06834664189096984,0.9571447125723594,PV_DISCOUNTED,4369330.0,2184665.0,0.13,0.14,0.86,0.87,SPREAD_WIDE,10.0,,80.0,115.60693641618506,244642.76999999996,2184665.0
1768063057426,v1.2,KXBTC2026200-27JAN01-200000,1768063057426,1798779600000,UNKNOWN,COINBASE,https://api.exchange.coinbase.com/products/BTC-USD/ticker,KALSHI,KXBTC2026200-27JAN01-200000,90538.225,True,RESOLUTION_UNKNOWN,809,0.13,0.14,0.86,0.87,True,,0,0.14,0.87,0.06541762458059655,-0.07458237541940346,0.021727089640506292,217.27089640506293,,740.7407407407413,21073.42,KALSHI_PRICE_THRESHOLD,BTC-USD,,VENUE,drift_bps=0.7|vol_bps=0.3,NO_TRADE,THIN_BOOK,THIN_BOOK,"[""DEPTH_NEAR_USD:244643"", ""THIN_BOOK"", ""LAST_SHOCK:THIN_BOOK"", ""DATA:LIVE"", ""BOOK_SHA1:08d484022d"", ""EXEC:PAPER""]",0.0,0.0,0.0,0,False,,,,,,,,,,,BSM_BINARY_ND2,0.65,0.045,-1.4882185048018886,0.06541762458059655,0.0683466393416084,0.9571447142211028,PV_DISCOUNTED,4369330.0,2184665.0,0.13,0.14,0.86,0.87,SPREAD_WIDE,10.0,,80.0,115.60693641618506,244642.76999999996,2184665.0
1768063058638,v1.2,KXBTC2026200-27JAN01-200000,1768063058638,1798779600000,UNKNOWN,COINBASE,https://api.exchange.coinbase.com/products/BTC-USD/ticker,KALSHI,KXBTC2026200-27JAN01-200000,90538.225,True,RESOLUTION_UNKNOWN,2019,0.13,0.14,0.86,0.87,True,,0,0.14,0.87,0.06541762224546806,-0.07458237775453196,0.0217270936298376,217.27093629837603,,740.7407407407413,21073.42,KALSHI_PRICE_THRESHOLD,BTC-USD,,VENUE,drift_bps=0.7|vol_bps=0.3,NO_TRADE,THIN_BOOK,THIN_BOOK,"[""DEPTH_NEAR_USD:244643"", ""THIN_BOOK"", ""LAST_SHOCK:THIN_BOOK"", ""DATA:LIVE"", ""BOOK_SHA1:08d484022d"", ""EXEC:PAPER""]",0.0,0.0,0.0,0,False,,,,,,,,,,,BSM_BINARY_ND2,0.65,0.045,-1.4882185242059895,0.06541762224546806,0.06834663678380531,0.9571447158753057,PV_DISCOUNTED,4369330.0,2184665.0,0.13,0.14,0.86,0.87,SPREAD_WIDE,10.0,,80.0,115.60693641618506,244642.76999999996,2184665.0
1768063059854,v1.2,KXBTC2026200-27JAN01-200000,1768063059854,1798779600000,UNKNOWN,COINBASE,https://api.exchange.coinbase.com/products/BTC-USD/ticker,KALSHI,KXBTC2026200-27JAN01-200000,90538.225,True,RESOLUTION_UNKNOWN,3232,0.13,0.14,0.86,0.87,True,,0,0.14,0.87,0.06541761990263266,-0.07458238009736735,0.02172709763233538,217.2709763233538,,740.7407407407413,21073.42,KALSHI_PRICE_THRESHOLD,BTC-USD,,VENUE,drift_bps=0.7|vol_bps=0.3,NO_TRADE,THIN_BOOK,THIN_BOOK,"[""DEPTH_NEAR_USD:244643"", ""THIN_BOOK"", ""LAST_SHOCK:THIN_BOOK"", ""DATA:LIVE"", ""BOOK_SHA1:08d484022d"", ""EXEC:PAPER""]",0.0,0.0,0.0,0,False,,,,,,,,,,,BSM_BINARY_ND2,0.65,0.045,-1.4882185436741322,0.06541761990263266,0.06834663421756043,0.957144717534968,PV_DISCOUNTED,4369330.0,2184665.0,0.13,0.14,0.86,0.87,SPREAD_WIDE,10.0,,80.0,115.60693641618506,244642.76999999996,2184665.0
1768063061061,v1.2,KXBTC2026200-27JAN01-200000,1768063061061,1798779600000,UNKNOWN,COINBASE,https://api.exchange.coinbase.com/products/BTC-USD/ticker,KALSHI,KXBTC2026200-27JAN01-200000,90538.225,True,RESOLUTION_UNKNOWN,1572,0.13,0.14,0.86,0.87,True,,0,0.14,0.87,0.06541761757713732,-0.07458238242286269,0.021727101605209298,217.271016052093,,740.7407407407413,21073.42,KALSHI_PRICE_THRESHOLD,BTC-USD,,VENUE,drift_bps=0.7|vol_bps=0.3,NO_TRADE,THIN_BOOK,THIN_BOOK,"[""DEPTH_NEAR_USD:244643"", ""THIN_BOOK"", ""LAST_SHOCK:THIN_BOOK"", ""DATA:LIVE"", ""BOOK_SHA1:08d484022d"", ""EXEC:PAPER""]",0.0,0.0,0.0,0,False,,,,,,,,,,,BSM_BINARY_ND2,0.65,0.045,-1.4882185629981861,0.06541761757713732,0.06834663167030913,0.9571447191823467,PV_DISCOUNTED,4369330.0,2184665.0,0.13,0.14,0.86,0.87,SPREAD_WIDE,10.0,,80.0,115.60693641618506,244642.76999999996,2184665.0
1768063062290,v1.2,KXBTC2026200-27JAN01-200000,1768063062290,1798779600000,UNKNOWN,COINBASE,https://api.exchange.coinbase.com/products/BTC-USD/ticker,KALSHI,KXBTC2026200-27JAN01-200000,90537.985,True,RESOLUTION_UNKNOWN,1059,0.13,0.14,0.86,0.87,True,,0,0.14,0.87,0.06541709367582686,-0.07458290632417315,0.02172762718392529,217.2762718392529,,740.7407407407413,21073.42,KALSHI_PRICE_THRESHOLD,BTC-USD,,VENUE,drift_bps=0.7|vol_bps=0.3,NO_TRADE,THIN_BOOK,THIN_BOOK,"[""DEPTH_NEAR_USD:244643"", ""THIN_BOOK"", ""LAST_SHOCK:THIN_BOOK"", ""DATA:LIVE"", ""BOOK_SHA1:08d484022d"", ""EXEC:PAPER""]",0.0,0.0,0.0,0,False,,,,,,,,,,,BSM_BINARY_ND2,0.65,0.045,-1.488222716311477,0.06541709367582686,0.06834608419201871,0.9571447208597521,PV_DISCOUNTED,4369330.0,2184665.0,0.13,0.14,0.86,0.87,SPREAD_WIDE,10.0,,80.0,115.60693641618506,244642.76999999996,2184665.0
1768063063525,v1.2,KXBTC2026200-27JAN01-200000,1768063063525,1798779600000,UNKNOWN,COINBASE,https://api.exchange.coinbase.com/products/BTC-USD/ticker,KALSHI,KXBTC2026200-27JAN01-200000,90537.995,True,RESOLUTION_UNKNOWN,952,0.13,0.14,0.86,0.87,True,,0,0.14,0.87,0.06541711302691111,-0.0745828869730889,0.021727609518435442,217.27609518435443,,740.7407407407413,21073.42,KALSHI_PRICE_THRESHOLD,BTC-USD,,VENUE,drift_bps=0.7|vol_bps=0.3,NO_TRADE,THIN_BOOK,THIN_BOOK,"[""DEPTH_NEAR_USD:244643"", ""THIN_BOOK"", ""LAST_SHOCK:THIN_BOOK"", ""DATA:LIVE"", ""BOOK_SHA1:08d484022d"", ""EXEC:PAPER""]",0.0,0.0,0.0,0,False,,,,,,,,,,,BSM_BINARY_ND2,0.65,0.045,-1.488222563848799,0.06541711302691111,0.06834610428916808,0.9571447225453465,PV_DISCOUNTED,4369330.0,2184665.0,0.13,0.14,0.86,0.87,SPREAD_WIDE,10.0,,80.0,115.60693641618506,244642.76999999996,2184665.0
1768063064723,v1.2,KXBTC2026200-27JAN01-200000,1768063064723,1798779600000,UNKNOWN,COINBASE,https://api.exchange.coinbase.com/products/BTC-USD/ticker,KALSHI,KXBTC2026200-27JAN01-200000,90538.88500000001,True,RESOLUTION_UNKNOWN,986,0.13,0.14,0.86,0.87,True,,0,0.14,0.87,0.06541904474797723,-0.07458095525202278,0.021725679432464284,217.25679432464284,,740.7407407407413,21073.42,KALSHI_PRICE_THRESHOLD,BTC-USD,,VENUE,drift_bps=0.8|vol_bps=0.3,NO_TRADE,THIN_BOOK,THIN_BOOK,"[""DEPTH_NEAR_USD:244643"", ""THIN_BOOK"", ""LAST_SHOCK:THIN_BOOK"", ""DATA:LIVE"", ""BOOK_SHA1:08d484022d"", ""EXEC:PAPER""]",0.0,0.0,0.0,0,False,,,,,,,,,,,BSM_BINARY_ND2,0.65,0.045,-1.4882072541810223,0.06541904474797723,0.06834812238451454,0.9571447241804415,PV_DISCOUNTED,4369330.0,2184665.0,0.13,0.14,0.86,0.87,SPREAD_WIDE,10.0,,80.0,115.60693641618506,244642.76999999996,2184665.0
1768063065910,v1.2,KXBTC2026200-27JAN01-200000,1768063065910,1798779600000,UNKNOWN,COINBASE,https://api.exchange.coinbase.com/products/BTC-USD/ticker,KALSHI,KXBTC2026200-27JAN01-200000,90537.995,True,RESOLUTION_UNKNOWN,1134,0.13,0.14,0.86,0.87,True,,0,0.14,0.87,0.06541710843180049,-0.07458289156819953,0.02172761736872264,217.2761736872264,,740.7407407407413,21073.42,KALSHI_PRICE_THRESHOLD,BTC-USD,,VENUE,drift_bps=0.7|vol_bps=0.3,NO_TRADE,THIN_BOOK,THIN_BOOK,"[""DEPTH_NEAR_USD:244643"", ""THIN_BOOK"", ""LAST_SHOCK:THIN_BOOK"", ""DATA:LIVE"", ""BOOK_SHA1:08d484022d"", ""EXEC:PAPER""]",0.0,0.0,0.0,0,False,,,,,,,,,,,BSM_BINARY_ND2,0.65,0.045,-1.4882226020327805,0.06541710843180049,0.0683460992558757,0.9571447258005231,PV_DISCOUNTED,4369330.0,2184665.0,0.13,0.14,0.86,0.87,SPREAD_WIDE,10.0,,80.0,115.60693641618506,244642.76999999996,2184665.0
1768063067091,v1.2,KXBTC2026200-27JAN01-200000,1768063067091,1798779600000,UNKNOWN,COINBASE,https://api.exchange.coinbase.com/products/BTC-USD/ticker,KALSHI,KXBTC2026200-27JAN01-200000,90537.995,True,RESOLUTION_UNKNOWN,2418,0.13,0.14,0.86,0.87,True,,0,0.14,0.87,0.06541710615640162,-0.0745828938435984,0.021727621256013907,217.27621256013907,,740.7407407407413,21073.42,KALSHI_PRICE_THRESHOLD,BTC-USD,,VENUE,drift_bps=0.7|vol_bps=0.3,NO_TRADE,THIN_BOOK,THIN_BOOK,"[""DEPTH_NEAR_USD:244643"", ""THIN_BOOK"", ""LAST_SHOCK:THIN_BOOK"", ""DATA:LIVE"", ""BOOK_SHA1:08d484022d"", ""EXEC:PAPER""]",0.0,0.0,0.0,0,False,,,,,,,,,,,BSM_BINARY_ND2,0.65,0.045,-1.4882226209406577,0.06541710615640162,0.06834609676349879,0.9571447274124155,PV_DISCOUNTED,4369330.0,2184665.0,0.13,0.14,0.86,0.87,SPREAD_WIDE,10.0,,80.0,115.60693641618506,244642.76999999996,2184665.0
1768063068378,v1.2,KXBTC2026200-27JAN01-200000,1768063068378,1798779600000,UNKNOWN,COINBASE,https://api.exchange.coinbase.com/products/BTC-USD/ticker,KALSHI,KXBTC2026200-27JAN01-200000,90537.995,True,RESOLUTION_UNKNOWN,1887,0.13,0.14,0.86,0.87,True,,0,0.14,0.87,0.06541710367677554,-0.07458289632322447,0.02172762549220686,217.2762549220686,,740.7407407407413,21073.42,KALSHI_PRICE_THRESHOLD,BTC-USD,,VENUE,drift_bps=0.7|vol_bps=0.3,NO_TRADE,THIN_BOOK,THIN_BOOK,"[""DEPTH_NEAR_USD:244643"", ""THIN_BOOK"", ""LAST_SHOCK:THIN_BOOK"", ""DATA:LIVE"", ""BOOK_SHA1:08d484022d"", ""EXEC:PAPER""]",0.0,0.0,0.0,0,False,,,,,,,,,,,BSM_BINARY_ND2,0.65,0.045,-1.4882226415456024,0.06541710367677554,0.06834609404741993,0.9571447291689824,PV_DISCOUNTED,4369330.0,2184665.0,0.13,0.14,0.86,0.87,SPREAD_WIDE,10.0,,80.0,115.60693641618506,244642.76999999996,2184665.0
1768063069560,v1.2,KXBTC2026200-27JAN01-200000,1768063069560,1798779600000,UNKNOWN,COINBASE,https://api.exchange.coinbase.com/products/BTC-USD/ticker,KALSHI,KXBTC2026200-27JAN01-200000,90538.92000000001,True,RESOLUTION_UNKNOWN,1742,0.13,0.14,0.86,0.87,True,,0,0.14,0.87,0.06541911148645034,-0.07458088851354967,0.021725619295789422,217.25619295789423,,740.7407407407413,21073.42,KALSHI_PRICE_THRESHOLD,BTC-USD,,VENUE,drift_bps=0.8|vol_bps=0.3,NO_TRADE,THIN_BOOK,THIN_BOOK,"[""DEPTH_NEAR_USD:244643"", ""THIN_BOOK"", ""LAST_SHOCK:THIN_BOOK"", ""DATA:LIVE"", ""BOOK_SHA1:08d484022d"", ""EXEC:PAPER""]",0.0,0.0,0.0,0,False,,,,,,,,,,,BSM_BINARY_ND2,0.65,0.045,-1.4882067288036367,0.06541911148645034,0.0683481916397175,0.9571447307822397,PV_DISCOUNTED,4369330.0,2184665.0,0.13,0.14,0.86,0.87,SPREAD_WIDE,10.0,,80.0,115.60693641618506,244642.76999999996,2184665.0
1768063070748,v1.2,KXBTC2026200-27JAN01-200000,1768063070748,1798779600000,UNKNOWN,COINBASE,https://api.exchange.coinbase.com/products/BTC-USD/ticker,KALSHI,KXBTC2026200-27JAN01-200000,90540.08,True,RESOLUTION_UNKNOWN,778,0.13,0.14,0.86,0.87,True,,0,0.14,0.87,0.06542162999361642,-0.07457837000638359,0.021723102410069695,217.23102410069694,,740.7407407407413,21073.42,KALSHI_PRICE_THRESHOLD,BTC-USD,,VENUE,drift_bps=1.0|vol_bps=0.3,NO_TRADE,THIN_BOOK,THIN_BOOK,"[""DEPTH_NEAR_USD:244643"", ""THIN_BOOK"", ""LAST_SHOCK:THIN_BOOK"", ""DATA:LIVE"", ""BOOK_SHA1:08d484022d"", ""EXEC:PAPER""]",0.0,0.0,0.0,0,False,,,,,,,,,,,BSM_BINARY_ND2,0.65,0.045,-1.4881867688827868,0.06542162999361642,0.06835082279492098,0.9571447324036861,PV_DISCOUNTED,4369330.0,2184665.0,0.13,0.14,0.86,0.87,SPREAD_WIDE,10.0,,80.0,115.60693641618506,244642.76999999996,2184665.0
1768063071973,v1.2,KXBTC2026200-27JAN01-200000,1768063071973,1798779600000,UNKNOWN,COINBASE,https://api.exchange.coinbase.com/products/BTC-USD/ticker,KALSHI,KXBTC2026200-27JAN01-200000,90538.995,True,RESOLUTION_UNKNOWN,1182,0.13,0.14,0.86,0.87,True,,0,0.14,0.87,0.06541926981857542,-0.0745807301814246,0.021725464257056792,217.2546425705679,,740.7407407407413,21073.42,KALSHI_PRICE_THRESHOLD,BTC-USD,,VENUE,drift_bps=0.8|vol_bps=0.3,NO_TRADE,THIN_BOOK,THIN_BOOK,"[""DEPTH_NEAR_USD:244643"", ""THIN_BOOK"", ""LAST_SHOCK:THIN_BOOK"", ""DATA:LIVE"", ""BOOK_SHA1:08d484022d"", ""EXEC:PAPER""]",0.0,0.0,0.0,0,False,,,,,,,,,,,BSM_BINARY_ND2,0.65,0.045,-1.4882054756856797,0.06541926981857542,0.0683483568258404,0.9571447340756322,PV_DISCOUNTED,4369330.0,2184665.0,0.13,0.14,0.86,0.87,SPREAD_WIDE,10.0,,80.0,115.60693641618506,244642.76999999996,2184665.0
1768063073198,v1.2,KXBTC2026200-27JAN01-200000,1768063073198,1798779600000,UNKNOWN,COINBASE,https://api.exchange.coinbase.com/products/BTC-USD/ticker,KALSHI,KXBTC2026200-27JAN01-200000,90539.0,True,RESOLUTION_UNKNOWN,954,0.13,0.14,0.86,0.87,True,,0,0.14,0.87,0.06541927832380677,-0.07458072167619324,0.02172545742377141,217.2545742377141,,740.7407407407413,21073.42,KALSHI_PRICE_THRESHOLD,BTC-USD,,VENUE,drift_bps=0.8|vol_bps=0.3,NO_TRADE,THIN_BOOK,THIN_BOOK,"[""DEPTH_NEAR_USD:244643"", ""THIN_BOOK"", ""LAST_SHOCK:THIN_BOOK"", ""DATA:LIVE"", ""BOOK_SHA1:08d484022d"", ""EXEC:PAPER""]",0.0,0.0,0.0,0,False,,,,,,,,,,,BSM_BINARY_ND2,0.65,0.045,-1.4882054091810584,0.06541927832380677,0.06834836559249424,0.9571447357475782,PV_DISCOUNTED,4369330.0,2184665.0,0.13,0.14,0.86,0.87,SPREAD_WIDE,10.0,,80.0,115.60693641618506,244642.76999999996,2184665.0
1768063074380,v1.2,KXBTC2026200-27JAN01-200000,1768063074380,1798779600000,UNKNOWN,COINBASE,https://api.exchange.coinbase.com/products/BTC-USD/ticker,KALSHI,KXBTC2026200-27JAN01-200000,90539.01999999999,True,RESOLUTION_UNKNOWN,1750,0.13,0.14,0.86,0.87,True,,0,0.14,0.87,0.06541931950815436,-0.07458068049184566,0.021725417852681117,217.25417852681116,,740.7407407407413,21073.42,KALSHI_PRICE_THRESHOLD,BTC-USD,,VENUE,drift_bps=0.8|vol_bps=0.3,NO_TRADE,THIN_BOOK,THIN_BOOK,"[""DEPTH_NEAR_USD:244643"", ""THIN_BOOK"", ""LAST_SHOCK:THIN_BOOK"", ""DATA:LIVE"", ""BOOK_SHA1:08d484022d"", ""EXEC:PAPER""]",0.0,0.0,0.0,0,False,,,,,,,,,,,BSM_BINARY_ND2,0.65,0.045,-1.4882050836382448,0.06541931950815436,0.06834840850563212,0.9571447373608355,PV_DISCOUNTED,4369330.0,2184665.0,0.13,0.14,0.86,0.87,SPREAD_WIDE,10.0,,80.0,115.60693641618506,244642.76999999996,2184665.0
1768063075590,v1.2,KXBTC2026200-27JAN01-200000,1768063075590,1798779600000,UNKNOWN,COINBASE,https://api.exchange.coinbase.com/products/BTC-USD/ticker,KALSHI,KXBTC2026200-27JAN01-200000,90539.035,True,RESOLUTION_UNKNOWN,2093,0.13,0.14,0.86,0.87,True,,0,0.14,0.87,0.0654193497731401,-0.07458065022685992,0.021725389239168558,217.25389239168558,,740.7407407407413,21073.42,KALSHI_PRICE_THRESHOLD,BTC-USD,,VENUE,drift_bps=0.8|vol_bps=0.3,NO_TRADE,THIN_BOOK,THIN_BOOK,"[""DEPTH_NEAR_USD:244643"", ""THIN_BOOK"", ""LAST_SHOCK:THIN_BOOK"", ""DATA:LIVE"", ""BOOK_SHA1:08d484022d"", ""EXEC:PAPER""]",0.0,0.0,0.0,0,False,,,,,,,,,,,BSM_BINARY_ND2,0.65,0.045,-1.4882048446603378,0.0654193497731401,0.06834844000777485,0.9571447390123087,PV_DISCOUNTED,4369330.0,2184665.0,0.13,0.14,0.86,0.87,SPREAD_WIDE,10.0,,80.0,115.60693641618506,244642.76999999996,2184665.0
1768063076781,v1.2,KXBTC2026200-27JAN01-200000,1768063076781,1798779600000,UNKNOWN,COINBASE,https://api.exchange.coinbase.com/products/BTC-USD/ticker,KALSHI,KXBTC2026200-27JAN01-200000,90539.03,True,RESOLUTION_UNKNOWN,1417,0.13,0.14,0.86,0.87,True,,0,0.14,0.87,0.06541933661303144,-0.07458066338696857,0.021725404024818262,217.25404024818263,,740.7407407407413,21073.42,KALSHI_PRICE_THRESHOLD,BTC-USD,,VENUE,drift_bps=0.8|vol_bps=0.3,NO_TRADE,THIN_BOOK,THIN_BOOK,"[""DEPTH_NEAR_USD:244643"", ""THIN_BOOK"", ""LAST_SHOCK:THIN_BOOK"", ""DATA:LIVE"", ""BOOK_SHA1:08d484022d"", ""EXEC:PAPER""]",0.0,0.0,0.0,0,False,,,,,,,,,,,BSM_BINARY_ND2,0.65,0.045,-1.4882049498445549,0.06541933661303144,0.06834842614235692,0.9571447406378497,PV_DISCOUNTED,4369330.0,2184665.0,0.13,0.14,0.86,0.87,SPREAD_WIDE,10.0,,80.0,115.60693641618506,244642.76999999996,2184665.0
1768063077989,v1.2,KXBTC2026200-27JAN01-200000,1768063077989,1798779600000,UNKNOWN,COINBASE,https://api.exchange.coinbase.com/products/BTC-USD/ticker,KALSHI,KXBTC2026200-27JAN01-200000,90539.035,True,RESOLUTION_UNKNOWN,1584,0.13,0.14,0.86,0.87,True,,0,0.14,0.87,0.0654193451510207,-0.07458065484897931,0.021725397135572533,217.25397135572533,,740.7407407407413,21073.42,KALSHI_PRICE_THRESHOLD,BTC-USD,,VENUE,drift_bps=0.8|vol_bps=0.3,NO_TRADE,THIN_BOOK,THIN_BOOK,"[""DEPTH_NEAR_USD:244643"", ""THIN_BOOK"", ""LAST_SHOCK:THIN_BOOK"", ""DATA:LIVE"", ""BOOK_SHA1:08d484022d"", ""EXEC:PAPER""]",0.0,0.0,0.0,0,False,,,,,,,,,,,BSM_BINARY_ND2,0.65,0.045,-1.4882048830677874,0.0654193451510207,0.06834843494489207,0.9571447422865932,PV_DISCOUNTED,4369330.0,2184665.0,0.13,0.14,0.86,0.87,SPREAD_WIDE,10.0,,80.0,115.60693641618506,244642.76999999996,2184665.0
1768063079188,v1.2,KXBTC2026200-27JAN01-200000,1768063079188,1798779600000,UNKNOWN,COINBASE,https://api.exchange.coinbase.com/products/BTC-USD/ticker,KALSHI,KXBTC2026200-27JAN01-200000,90539.09,True,RESOLUTION_UNKNOWN,620,0.13,0.14,0.86,0.87,True,,0,0.14,0.87,0.06541946236065845,-0.07458053763934157,0.021725281562394616,217.25281562394616,,740.7407407407413,21073.42,KALSHI_PRICE_THRESHOLD,BTC-USD,,VENUE,drift_bps=0.8|vol_bps=0.3,NO_TRADE,THIN_BOOK,THIN_BOOK,"[""DEPTH_NEAR_USD:244643"", ""THIN_BOOK"", ""LAST_SHOCK:THIN_BOOK"", ""DATA:LIVE"", ""BOOK_SHA1:08d484022d"", ""EXEC:PAPER""]",0.0,0.0,0.0,0,False,,,,,,,,,,,BSM_BINARY_ND2,0.65,0.045,-1.4882039549814503,0.06541946236065845,0.06834855728562372,0.957144743923053,PV_DISCOUNTED,4369330.0,2184665.0,0.13,0.14,0.86,0.87,SPREAD_WIDE,10.0,,80.0,115.60693641618506,244642.76999999996,2184665.0
1768063080437,v1.2,KXBTC2026200-27JAN01-200000,1768063080437,1798779600000,UNKNOWN,COINBASE,https://api.exchange.coinbase.com/products/BTC-USD/ticker,KALSHI,KXBTC2026200-27JAN01-200000,90539.135,True,RESOLUTION_UNKNOWN,970,0.13,0.14,0.86,0.87,True,,0,0.14,0.87,0.0654195577431706,-0.07458044225682942,0.021725187884584884,217.25187884584884,,740.7407407407413,21073.42,KALSHI_PRICE_THRESHOLD,BTC-USD,,VENUE,drift_bps=0.8|vol_bps=0.3,NO_TRADE,THIN_BOOK,THIN_BOOK,"[""DEPTH_NEAR_USD:244643"", ""THIN_BOOK"", ""LAST_SHOCK:THIN_BOOK"", ""DATA:LIVE"", ""BOOK_SHA1:08d484022d"", ""EXEC:PAPER""]",0.0,0.0,0.0,0,False,,,,,,,,,,,BSM_BINARY_ND2,0.65,0.045,-1.4882031999290986,0.0654195577431706,0.06834865681706725,0.9571447456277555,PV_DISCOUNTED,4369330.0,2184665.0,0.13,0.14,0.86,0.87,SPREAD_WIDE,10.0,,80.0,115.60693641618506,244642.76999999996,2184665.0
1768063081626,v1.2,KXBTC2026200-27JAN01-200000,1768063081626,1798779600000,UNKNOWN,COINBASE,https://api.exchange.coinbase.com/products/BTC-USD/ticker,KALSHI,KXBTC2026200-27JAN01-200000,90539.975,True,RESOLUTION_UNKNOWN,877,0.13,0.14,0.86,0.87,True,,0,0.14,0.87,0.06542138085773029,-0.07457861914226972,0.021723366392836563,217.23366392836562,,740.7407407407413,21073.42,KALSHI_PRICE_THRESHOLD,BTC-USD,,VENUE,drift_bps=0.7|vol_bps=0.2,NO_TRADE,THIN_BOOK,THIN_BOOK,"[""DEPTH_NEAR_USD:244643"", ""THIN_BOOK"", ""LAST_SHOCK:THIN_BOOK"", ""DATA:LIVE"", ""BOOK_SHA1:08d484022d"", ""EXEC:PAPER""]",0.0,0.0,0.0,0,False,,,,,,,,,,,BSM_BINARY_ND2,0.65,0.045,-1.4881887514622856,0.06542138085773029,0.06835056144397761,0.9571447472505669,PV_DISCOUNTED,4369330.0,2184665.0,0.13,0.14,0.86,0.87,SPREAD_WIDE,10.0,,80.0,115.60693641618506,244642.76999999996,2184665.0
1768063082859,v1.2,KXBTC2026200-27JAN01-200000,1768063082859,1798779600000,UNKNOWN,COINBASE,https://api.exchange.coinbase.com/products/BTC-USD/ticker,KALSHI,KXBTC2026200-27JAN01-200000,90546.655,True,RESOLUTION_UNKNOWN,781,0.13,0.14,0.86,0.87,True,,0,0.14,0.87,0.06543589559718979,-0.07456410440281022,0.02170885333624195,217.08853336241953,,740.7407407407413,21073.42,KALSHI_PRICE_THRESHOLD,BTC-USD,,VENUE,drift_bps=0.5|vol_bps=0.2,NO_TRADE,THIN_BOOK,THIN_BOOK,"[""DEPTH_NEAR_USD:244643"", ""THIN_BOOK"", ""LAST_SHOCK:THIN_BOOK"", ""DATA:LIVE"", ""BOOK_SHA1:08d484022d"", ""EXEC:PAPER""]",0.0,0.0,0.0,0,False,,,,,,,,,,,BSM_BINARY_ND2,0.65,0.045,-1.4880737248868312,0.06543589559718979,0.06836572594699653,0.9571447489334317,PV_DISCOUNTED,4369330.0,2184665.0,0.13,0.14,0.86,0.87,SPREAD_WIDE,10.0,,80.0,115.60693641618506,244642.76999999996,2184665.0
1768063084063,v1.2,KXBTC2026200-27JAN01-200000,1768063084063,1798779600000,UNKNOWN,COINBASE,https://api.exchange.coinbase.com/products/BTC-USD/ticker,KALSHI,KXBTC2026200-27JAN01-200000,90547.10500000001,True,RESOLUTION_UNKNOWN,1000,0.13,0.14,0.86,0.87,True,,0,0.14,0.87,0.06543687127754694,-0.07456312872245308,0.021707879299168842,217.07879299168843,,740.7407407407413,21073.42,KALSHI_PRICE_THRESHOLD,BTC-USD,,VENUE,drift_bps=0.4|vol_bps=0.2,NO_TRADE,THIN_BOOK,THIN_BOOK,"[""DEPTH_NEAR_USD:244643"", ""THIN_BOOK"", ""LAST_SHOCK:THIN_BOOK"", ""DATA:LIVE"", ""BOOK_SHA1:08d484022d"", ""EXEC:PAPER""]",0.0,0.0,0.0,0,False,,,,,,,,,,,BSM_BINARY_ND2,0.65,0.045,-1.4880659943390004,0.06543687127754694,0.06836674519514291,0.9571447505767158,PV_DISCOUNTED,4369330.0,2184665.0,0.13,0.14,0.86,0.87,SPREAD_WIDE,10.0,,80.0,115.60693641618506,244642.76999999996,2184665.0
1768063085324,v1.2,KXBTC2026200-27JAN01-200000,1768063085324,1798779600000,UNKNOWN,COINBASE,https://api.exchange.coinbase.com/products/BTC-USD/ticker,KALSHI,KXBTC2026200-27JAN01-200000,90547.10500000001,True,RESOLUTION_UNKNOWN,1395,0.13,0.14,0.86,0.87,True,,0,0.14,0.87,0.06543686884785996,-0.07456313115214006,0.021707883449936682,217.07883449936682,,740.7407407407413,21073.42,KALSHI_PRICE_THRESHOLD,BTC-USD,,VENUE,drift_bps=0.4|vol_bps=0.2,NO_TRADE,THIN_BOOK,THIN_BOOK,"[""DEPTH_NEAR_USD:244643"", ""THIN_BOOK"", ""LAST_SHOCK:THIN_BOOK"", ""DATA:LIVE"", ""BOOK_SHA1:08d484022d"", ""EXEC:PAPER""]",0.0,0.0,0.0,0,False,,,,,,,,,,,BSM_BINARY_ND2,0.65,0.045,-1.4880660145244826,0.06543686884785996,0.06836674253373598,0.9571447522977966,PV_DISCOUNTED,4369330.0,2184665.0,0.13,0.14,0.86,0.87,SPREAD_WIDE,10.0,,80.0,115.60693641618506,244642.76999999996,2184665.0
1768063086496,v1.2,KXBTC2026200-27JAN01-200000,1768063086496,1798779600000,UNKNOWN,COINBASE,https://api.exchange.coinbase.com/products/BTC-USD/ticker,KALSHI,KXBTC2026200-27JAN01-200000,90547.10500000001,True,RESOLUTION_UNKNOWN,1339,0.13,0.14,0.86,0.87,True,,0,0.14,0.87,0.06543686658965761,-0.0745631334103424,0.021707887307747753,217.07887307747754,,740.7407407407413,21073.42,KALSHI_PRICE_THRESHOLD,BTC-USD,,VENUE,drift_bps=0.2|vol_bps=0.2,NO_TRADE,THIN_BOOK,THIN_BOOK,"[""DEPTH_NEAR_USD:244643"", ""THIN_BOOK"", ""LAST_SHOCK:THIN_BOOK"", ""DATA:LIVE"", ""BOOK_SHA1:08d484022d"", ""EXEC:PAPER""]",0.0,0.0,0.0,0,False,,,,,,,,,,,BSM_BINARY_ND2,0.65,0.045,-1.4880660332852966,0.06543686658965761,0.06836674006016824,0.9571447538974054,PV_DISCOUNTED,4369330.0,2184665.0,0.13,0.14,0.86,0.87,SPREAD_WIDE,10.0,,80.0,115.60693641618506,244642.76999999996,2184665.0
1768063087755,v1.2,KXBTC2026200-27JAN01-200000,1768063087755,1798779600000,UNKNOWN,COINBASE,https://api.exchange.coinbase.com/products/BTC-USD/ticker,KALSHI,KXBTC2026200-27JAN01-200000,90547.10500000001,True,RESOLUTION_UNKNOWN,1144,0.13,0.14,0.86,0.87,True,,0,0.14,0.87,0.06543686416382401,-0.074563135836176,0.021707891451932415,217.07891451932414,,740.7407407407413,21073.42,KALSHI_PRICE_THRESHOLD,BTC-USD,,VENUE,drift_bps=0.0|vol_bps=0.2,NO_TRADE,THIN_BOOK,THIN_BOOK,"[""DEPTH_NEAR_USD:244643"", ""THIN_BOOK"", ""LAST_SHOCK:THIN_BOOK"", ""DATA:LIVE"", ""BOOK_SHA1:08d484022d"", ""EXEC:PAPER""]",0.0,0.0,0.0,0,False,,,,,,,,,,,BSM_BINARY_ND2,0.65,0.045,-1.4880660534387664,0.06543686416382401,0.06836673740298221,0.9571447556157564,PV_DISCOUNTED,4369330.0,2184665.0,0.13,0.14,0.86,0.87,SPREAD_WIDE,10.0,,80.0,115.60693641618506,244642.76999999996,2184665.0
1768063088983,v1.2,KXBTC2026200-27JAN01-200000,1768063088983,1798779600000,UNKNOWN,COINBASE,https://api.exchange.coinbase.com/products/BTC-USD/ticker,KALSHI,KXBTC2026200-27JAN01-200000,90547.10500000001,True,RESOLUTION_UNKNOWN,1626,0.13,0.14,0.86,0.87,True,,0,0.14,0.87,0.06543686179772092,-0.0745631382022791,0.021707895494076146,217.07895494076146,,740.7407407407413,21073.42,KALSHI_PRICE_THRESHOLD,BTC-USD,,VENUE,drift_bps=0.0|vol_bps=0.2,NO_TRADE,THIN_BOOK,THIN_BOOK,"[""DEPTH_NEAR_USD:244643"", ""THIN_BOOK"", ""LAST_SHOCK:THIN_BOOK"", ""DATA:LIVE"", ""BOOK_SHA1:08d484022d"", ""EXEC:PAPER""]",0.0,0.0,0.0,0,False,,,,,,,,,,,BSM_BINARY_ND2,0.65,0.045,-1.4880660730960045,0.06543686179772092,0.06836673481122324,0.957144757291797,PV_DISCOUNTED,4369330.0,2184665.0,0.13,0.14,0.86,0.87,SPREAD_WIDE,10.0,,80.0,115.60693641618506,244642.76999999996,2184665.0
1768063090188,v1.2,KXBTC2026200-27JAN01-200000,1768063090188,1798779600000,UNKNOWN,COINBASE,https://api.exchange.coinbase.com/products/BTC-USD/ticker,KALSHI,KXBTC2026200-27JAN01-200000,90547.10500000001,True,RESOLUTION_UNKNOWN,1389,0.13,0.14,0.86,0.87,True,,0,0.14,0.87,0.06543685947593404,-0.07456314052406597,0.021707899460511992,217.07899460511993,,740.7407407407413,21073.42,KALSHI_PRICE_THRESHOLD,BTC-USD,,VENUE,drift_bps=0.0|vol_bps=0.2,NO_TRADE,THIN_BOOK,THIN_BOOK,"[""DEPTH_NEAR_USD:244643"", ""THIN_BOOK"", ""LAST_SHOCK:THIN_BOOK"", ""DATA:LIVE"", ""BOOK_SHA1:08d484022d"", ""EXEC:PAPER""]",0.0,0.0,0.0,0,False,,,,,,,,,,,BSM_BINARY_ND2,0.65,0.045,-1.488066092385071,0.06543685947593404,0.06836673226800694,0.957144758936446,PV_DISCOUNTED,4369330.0,2184665.0,0.13,0.14,0.86,0.87,SPREAD_WIDE,10.0,,80.0,115.60693641618506,244642.76999999996,2184665.0
1768063091413,v1.2,KXBTC2026200-27JAN01-200000,1768063091413,1798779600000,UNKNOWN,COINBASE,https://api.exchange.coinbase.com/products/BTC-USD/ticker,KALSHI,KXBTC2026200-27JAN01-200000,90547.10500000001,True,RESOLUTION_UNKNOWN,1485,0.13,0.14,0.86,0.87,True,,0,0.14,0.87,0.06543685711561105,-0.07456314288438896,0.021707903492780956,217.07903492780954,,740.7407407407413,21073.42,KALSHI_PRICE_THRESHOLD,BTC-USD,,VENUE,drift_bps=0.0|vol_bps=0.2,NO_TRADE,THIN_BOOK,THIN_BOOK,"[""DEPTH_NEAR_USD:244643"", ""THIN_BOOK"", ""LAST_SHOCK:THIN_BOOK"", ""DATA:LIVE"", ""BOOK_SHA1:08d484022d"", ""EXEC:PAPER""]",0.0,0.0,0.0,0,False,,,,,,,,,,,BSM_BINARY_ND2,0.65,0.045,-1.4880661119942893,0.06543685711561105,0.06836672968257934,0.957144760608392,PV_DISCOUNTED,4369330.0,2184665.0,0.13,0.14,0.86,0.87,SPREAD_WIDE,10.0,,80.0,115.60693641618506,244642.76999999996,2184665.0
1768063092628,v1.2,KXBTC2026200-27JAN01-200000,1768063092628,1798779600000,UNKNOWN,COINBASE,https://api.exchange.coinbase.com/products/BTC-USD/ticker,KALSHI,KXBTC2026200-27JAN01-200000,90547.10500000001,True,RESOLUTION_UNKNOWN,2302,0.13,0.14,0.86,0.87,True,,0,0.14,0.87,0.06543685477455603,-0.07456314522544398,0.021707907492133582,217.07907492133583,,740.7407407407413,21073.42,KALSHI_PRICE_THRESHOLD,BTC-USD,,VENUE,drift_bps=0.0|vol_bps=0.2,NO_TRADE,THIN_BOOK,THIN_BOOK,"[""DEPTH_NEAR_USD:244643"", ""THIN_BOOK"", ""LAST_SHOCK:THIN_BOOK"", ""DATA:LIVE"", ""BOOK_SHA1:08d484022d"", ""EXEC:PAPER""]",0.0,0.0,0.0,0,False,,,,,,,,,,,BSM_BINARY_ND2,0.65,0.045,-1.4880661314434336,0.06543685477455603,0.06836672711825731,0.9571447622666897,PV_DISCOUNTED,4369330.0,2184665.0,0.13,0.14,0.86,0.87,SPREAD_WIDE,10.0,,80.0,115.60693641618506,244642.76999999996,2184665.0
1768063093859,v1.2,KXBTC2026200-27JAN01-200000,1768063093859,1798779600000,UNKNOWN,COINBASE,https://api.exchange.coinbase.com/products/BTC-USD/ticker,KALSHI,KXBTC2026200-27JAN01-200000,90547.10500000001,True,RESOLUTION_UNKNOWN,3497,0.13,0.14,0.86,0.87,True,,0,0.14,0.87,0.06543685240267211,-0.0745631475973279,0.021707911544152636,217.07911544152637,,740.7407407407413,21073.42,KALSHI_PRICE_THRESHOLD,BTC-USD,,VENUE,drift_bps=0.0|vol_bps=0.2,NO_TRADE,THIN_BOOK,THIN_BOOK,"[""DEPTH_NEAR_USD:244643"", ""THIN_BOOK"", ""LAST_SHOCK:THIN_BOOK"", ""DATA:LIVE"", ""BOOK_SHA1:08d484022d"", ""EXEC:PAPER""]",0.0,0.0,0.0,0,False,,,,,,,,,,,BSM_BINARY_ND2,0.65,0.045,-1.4880661511487,0.06543685240267211,0.06836672452016623,0.9571447639468248,PV_DISCOUNTED,4369330.0,2184665.0,0.13,0.14,0.86,0.87,SPREAD_WIDE,10.0,,80.0,115.60693641618506,244642.76999999996,2184665.0
1768063095054,v1.2,KXBTC2026200-27JAN01-200000,1768063095054,1798779600000,UNKNOWN,COINBASE,https://api.exchange.coinbase.com/products/BTC-USD/ticker,KALSHI,KXBTC2026200-27JAN01-200000,90547.10500000001,True,RESOLUTION_UNKNOWN,1603,0.13,0.14,0.86,0.87,True,,0,0.14,0.87,0.0654368501001527,-0.07456314989984732,0.02170791547767259,217.07915477672591,,740.7407407407413,21073.42,KALSHI_PRICE_THRESHOLD,BTC-USD,,VENUE,drift_bps=0.0|vol_bps=0.2,NO_TRADE,THIN_BOOK,THIN_BOOK,"[""DEPTH_NEAR_USD:244643"", ""THIN_BOOK"", ""LAST_SHOCK:THIN_BOOK"", ""DATA:LIVE"", ""BOOK_SHA1:08d484022d"", ""EXEC:PAPER""]",0.0,0.0,0.0,0,False,,,,,,,,,,,BSM_BINARY_ND2,0.65,0.045,-1.4880661702776963,0.0654368501001527,0.06836672199805499,0.9571447655778252,PV_DISCOUNTED,4369330.0,2184665.0,0.13,0.14,0.86,0.87,SPREAD_WIDE,10.0,,80.0,115.60693641618506,244642.76999999996,2184665.0
