ts,schema_version,market_id,now,market_end_ts,official_required_venue,official_used_venue,official_used_endpoint,venue,symbol,official_mid,official_ok,official_err,official_age_ms,pm_yes_bid,pm_yes_ask,pm_no_bid,pm_no_ask,book_ok,book_err,pm_book_age_ms,implied_yes,implied_no,fair_up_prob,edge_yes,edge_no,edge_gross_bps,edge_net_bps,spread_bps,depth_total,market_class,required_symbol,rules_end_ts,end_ts_source,regime,action,reason,filter_reason,microstructure_flags,daily_pnl,daily_loss,total_loss,open_markets,kill_switch,params_hash,fill_mode,fill_feasible,fill_slippage_cents,fill_depth_required,fill_depth_used,arb_cost_cents,arb_cost_cents_conservative,arb_edge_cents,arb_edge_cents_conservative,model_name,sigma,r,d2,fair_yes_pv,fair_yes_prob,discount_factor,fair_up_prob_semantics,depth_qty_total,depth_notional_total_usd,best_yes_bid,best_yes_ask,best_no_bid,best_no_ask
1768059474325,v1.1,KXBTCMAXY-26DEC31-119999.99,1768059474325,0,UNKNOWN,UNKNOWN,,KALSHI,KXBTCMAXY-26DEC31-119999.99,,False,RESOLUTION_UNKNOWN,0,50,51,49,50,True,,0,,,,,,,,0.0,0.0,UNKNOWN,UNKNOWN,,VENUE,,NO_TRADE,BOOK_SANITY,BOOK_SANITY: yes_levels=24 no_levels=28 BOOK_SHA1:02412f01ae,"[""BOOK_SANITY: yes_levels=24 no_levels=28 BOOK_SHA1:02412f01ae""]",0.0,0.0,0.0,0,False,,,,,,,,,,,,,,,,,,,,,,,,
1768059474325,v1.1,KXBTCMAXY-26DEC31-119999.99,1768059474325,1798779540000,UNKNOWN,COINBASE,https://api.exchange.coinbase.com/products/BTC-USD/ticker,KALSHI,KXBTCMAXY-26DEC31-119999.99,90493.815,True,RESOLUTION_UNKNOWN,819,0.5,0.51,0.49,0.5,True,,0,0.51,0.5,0.23387036207239184,-0.27612963792760814,0.22326954364279417,2232.695436427942,,198.0198019801982,7000.51,KALSHI_PRICE_THRESHOLD,BTC-USD,,VENUE,WARMUP,NO_TRADE,THIN_BOOK,THIN_BOOK,"[""DEPTH_NEAR_USD:6112"", ""THIN_BOOK"", ""LAST_SHOCK:THIN_BOOK"", ""DATA:LIVE"", ""BOOK_SHA1:02412f01ae"", ""EXEC:PAPER""]",0.0,0.0,0.0,0,False,,,,,,,,,,,BSM_BINARY_ND2,0.65,0.045,-0.6924005101271077,0.23387036207239184,0.24434292278059516,0.957139905715186,PV_DISCOUNTED,383838.0,191918.99999999997,0.5,0.51,0.49,0.5
1768059475746,v1.1,KXBTCMAXY-26DEC31-119999.99,1768059475746,1798779540000,UNKNOWN,COINBASE,https://api.exchange.coinbase.com/products/BTC-USD/ticker,KALSHI,KXBTCMAXY-26DEC31-119999.99,90493.815,True,RESOLUTION_UNKNOWN,1550,0.5,0.51,0.49,0.5,True,,0,0.51,0.5,0.2338703612419819,-0.2761296387580181,0.22326954641265162,2232.695464126516,,198.0198019801982,7000.51,KALSHI_PRICE_THRESHOLD,BTC-USD,,VENUE,drift_bps=0.0|vol_bps=?,NO_TRADE,THIN_BOOK,THIN_BOOK,"[""DEPTH_NEAR_USD:6112"", ""THIN_BOOK"", ""LAST_SHOCK:THIN_BOOK"", ""DATA:LIVE"", ""BOOK_SHA1:02412f01ae"", ""EXEC:PAPER""]",0.0,0.0,0.0,0,False,,,,,,,,,,,BSM_BINARY_ND2,0.65,0.045,-0.6924005144681744,0.2338703612419819,0.24434292141788927,0.9571399076546335,PV_DISCOUNTED,383838.0,191918.99999999997,0.5,0.51,0.49,0.5
1768059476953,v1.1,KXBTCMAXY-26DEC31-119999.99,1768059476953,1798779540000,UNKNOWN,COINBASE,https://api.exchange.coinbase.com/products/BTC-USD/ticker,KALSHI,KXBTCMAXY-26DEC31-119999.99,90493.815,True,RESOLUTION_UNKNOWN,2786,0.5,0.51,0.49,0.5,True,,0,0.51,0.5,0.23387036053663005,-0.27612963946337,0.22326954876537386,2232.6954876537384,,198.0198019801982,7000.51,KALSHI_PRICE_THRESHOLD,BTC-USD,,VENUE,drift_bps=0.0|vol_bps=0.0,NO_TRADE,THIN_BOOK,THIN_BOOK,"[""DEPTH_NEAR_USD:6112"", ""THIN_BOOK"", ""LAST_SHOCK:THIN_BOOK"", ""DATA:LIVE"", ""BOOK_SHA1:02412f01ae"", ""EXEC:PAPER""]",0.0,0.0,0.0,0,False,,,,,,,,,,,BSM_BINARY_ND2,0.65,0.045,-0.692400518155485,0.23387036053663005,0.24434292026040422,0.9571399093020039,PV_DISCOUNTED,383838.0,191918.99999999997,0.5,0.51,0.49,0.5
1768059478190,v1.1,KXBTCMAXY-26DEC31-119999.99,1768059478190,1798779540000,UNKNOWN,COINBASE,https://api.exchange.coinbase.com/products/BTC-USD/ticker,KALSHI,KXBTCMAXY-26DEC31-119999.99,90493.815,True,RESOLUTION_UNKNOWN,1364,0.5,0.51,0.49,0.5,True,,0,0.51,0.5,0.23387035981374663,-0.2761296401862534,0.2232695511765731,2232.695511765731,,198.0198019801982,7000.51,KALSHI_PRICE_THRESHOLD,BTC-USD,,VENUE,drift_bps=0.0|vol_bps=0.0,NO_TRADE,THIN_BOOK,THIN_BOOK,"[""DEPTH_NEAR_USD:6112"", ""THIN_BOOK"", ""LAST_SHOCK:THIN_BOOK"", ""DATA:LIVE"", ""BOOK_SHA1:02412f01ae"", ""EXEC:PAPER""]",0.0,0.0,0.0,0,False,,,,,,,,,,,BSM_BINARY_ND2,0.65,0.045,-0.692400521934444,0.23387035981374663,0.2443429190741498,0.9571399109903197,PV_DISCOUNTED,383838.0,191918.99999999997,0.5,0.51,0.49,0.5
1768059479382,v1.1,KXBTCMAXY-26DEC31-119999.99,1768059479382,1798779540000,UNKNOWN,COINBASE,https://api.exchange.coinbase.com/products/BTC-USD/ticker,KALSHI,KXBTCMAXY-26DEC31-119999.99,90493.815,True,RESOLUTION_UNKNOWN,2582,0.5,0.51,0.49,0.5,True,,0,0.51,0.5,0.2338703591171603,-0.2761296408828397,0.22326955350005706,2232.6955350005705,,198.0198019801982,7000.51,KALSHI_PRICE_THRESHOLD,BTC-USD,,VENUE,drift_bps=0.0|vol_bps=0.0,NO_TRADE,THIN_BOOK,THIN_BOOK,"[""DEPTH_NEAR_USD:6112"", ""THIN_BOOK"", ""LAST_SHOCK:THIN_BOOK"", ""DATA:LIVE"", ""BOOK_SHA1:02412f01ae"", ""EXEC:PAPER""]",0.0,0.0,0.0,0,False,,,,,,,,,,,BSM_BINARY_ND2,0.65,0.045,-0.6924005255759312,0.2338703591171603,0.24434291793104918,0.9571399126172173,PV_DISCOUNTED,383838.0,191918.99999999997,0.5,0.51,0.49,0.5
1768059480600,v1.1,KXBTCMAXY-26DEC31-119999.99,1768059480600,1798779540000,UNKNOWN,COINBASE,https://api.exchange.coinbase.com/products/BTC-USD/ticker,KALSHI,KXBTCMAXY-26DEC31-119999.99,90493.815,True,RESOLUTION_UNKNOWN,3832,0.5,0.51,0.49,0.5,True,,0,0.51,0.5,0.23387035840537992,-0.27612964159462006,0.22326955587422104,2232.6955587422103,,198.0198019801982,7000.51,KALSHI_PRICE_THRESHOLD,BTC-USD,,VENUE,drift_bps=0.0|vol_bps=0.0,NO_TRADE,THIN_BOOK,THIN_BOOK,"[""DEPTH_NEAR_USD:6112"", ""THIN_BOOK"", ""LAST_SHOCK:THIN_BOOK"", ""DATA:LIVE"", ""BOOK_SHA1:02412f01ae"", ""EXEC:PAPER""]",0.0,0.0,0.0,0,False,,,,,,,,,,,BSM_BINARY_ND2,0.65,0.045,-0.6924005292968474,0.23387035840537992,0.24434291676301506,0.957139914279601,PV_DISCOUNTED,383838.0,191918.99999999997,0.5,0.51,0.49,0.5
1768059481849,v1.1,KXBTCMAXY-26DEC31-119999.99,1768059481849,1798779540000,UNKNOWN,COINBASE,https://api.exchange.coinbase.com/products/BTC-USD/ticker,KALSHI,KXBTCMAXY-26DEC31-119999.99,90493.815,True,RESOLUTION_UNKNOWN,5067,0.5,0.51,0.49,0.5,True,,0,0.51,0.5,0.2338703576754834,-0.27612964232451664,0.22326955830881157,2232.6955830881157,,198.0198019801982,7000.51,KALSHI_PRICE_THRESHOLD,BTC-USD,,VENUE,drift_bps=0.0|vol_bps=0.0,NO_TRADE,THIN_BOOK,THIN_BOOK,"[""DEPTH_NEAR_USD:6112"", ""THIN_BOOK"", ""LAST_SHOCK:THIN_BOOK"", ""DATA:LIVE"", ""BOOK_SHA1:02412f01ae"", ""EXEC:PAPER""]",0.0,0.0,0.0,0,False,,,,,,,,,,,BSM_BINARY_ND2,0.65,0.045,-0.692400533112467,0.2338703576754834,0.24434291556525245,0.9571399159842949,PV_DISCOUNTED,383838.0,191918.99999999997,0.5,0.51,0.49,0.5
1768059483085,v1.1,KXBTCMAXY-26DEC31-119999.99,1768059483085,1798779540000,UNKNOWN,COINBASE,https://api.exchange.coinbase.com/products/BTC-USD/ticker,KALSHI,KXBTCMAXY-26DEC31-119999.99,90493.815,True,RESOLUTION_UNKNOWN,1313,0.5,0.51,0.49,0.5,True,,0,0.51,0.5,0.2338703569531838,-0.2761296430468162,0.22326956071806203,2232.6956071806203,,198.0198019801982,7000.51,KALSHI_PRICE_THRESHOLD,BTC-USD,,VENUE,drift_bps=0.0|vol_bps=0.0,NO_TRADE,THIN_BOOK,THIN_BOOK,"[""DEPTH_NEAR_USD:6112"", ""THIN_BOOK"", ""LAST_SHOCK:THIN_BOOK"", ""DATA:LIVE"", ""BOOK_SHA1:02412f01ae"", ""EXEC:PAPER""]",0.0,0.0,0.0,0,False,,,,,,,,,,,BSM_BINARY_ND2,0.65,0.045,-0.6924005368883729,0.2338703569531838,0.24434291437995648,0.9571399176712458,PV_DISCOUNTED,383838.0,191918.99999999997,0.5,0.51,0.49,0.5
1768059484279,v1.1,KXBTCMAXY-26DEC31-119999.99,1768059484279,1798779540000,UNKNOWN,COINBASE,https://api.exchange.coinbase.com/products/BTC-USD/ticker,KALSHI,KXBTCMAXY-26DEC31-119999.99,90493.815,True,RESOLUTION_UNKNOWN,2515,0.5,0.51,0.49,0.5,True,,0,0.51,0.5,0.23387035625542818,-0.27612964374457183,0.22326956304544499,2232.6956304544497,,198.0198019801982,7000.51,KALSHI_PRICE_THRESHOLD,BTC-USD,,VENUE,drift_bps=0.0|vol_bps=0.0,NO_TRADE,THIN_BOOK,THIN_BOOK,"[""DEPTH_NEAR_USD:6112"", ""THIN_BOOK"", ""LAST_SHOCK:THIN_BOOK"", ""DATA:LIVE"", ""BOOK_SHA1:02412f01ae"", ""EXEC:PAPER""]",0.0,0.0,0.0,0,False,,,,,,,,,,,BSM_BINARY_ND2,0.65,0.045,-0.6924005405359718,0.23387035625542818,0.24434291323493734,0.9571399193008732,PV_DISCOUNTED,383838.0,191918.99999999997,0.5,0.51,0.49,0.5
1768059485484,v1.1,KXBTCMAXY-26DEC31-119999.99,1768059485484,1798779540000,UNKNOWN,COINBASE,https://api.exchange.coinbase.com/products/BTC-USD/ticker,KALSHI,KXBTCMAXY-26DEC31-119999.99,90493.545,True,RESOLUTION_UNKNOWN,2070,0.5,0.51,0.49,0.5,True,,0,0.51,0.5,0.23386895772387467,-0.27613104227612534,0.2232709632216392,2232.709632216392,,198.0198019801982,7000.51,KALSHI_PRICE_THRESHOLD,BTC-USD,,VENUE,drift_bps=0.0|vol_bps=0.0,NO_TRADE,THIN_BOOK,THIN_BOOK,"[""DEPTH_NEAR_USD:6112"", ""THIN_BOOK"", ""LAST_SHOCK:THIN_BOOK"", ""DATA:LIVE"", ""BOOK_SHA1:02412f01ae"", ""EXEC:PAPER""]",0.0,0.0,0.0,0,False,,,,,,,,,,,BSM_BINARY_ND2,0.65,0.045,-0.6924051965754336,0.23386895772387467,0.2443414516582345,0.9571399209455138,PV_DISCOUNTED,383838.0,191918.99999999997,0.5,0.51,0.49,0.5
1768059486756,v1.1,KXBTCMAXY-26DEC31-119999.99,1768059486756,1798779540000,UNKNOWN,COINBASE,https://api.exchange.coinbase.com/products/BTC-USD/ticker,KALSHI,KXBTCMAXY-26DEC31-119999.99,90493.545,True,RESOLUTION_UNKNOWN,3363,0.5,0.51,0.49,0.5,True,,0,0.51,0.5,0.23386895698050908,-0.27613104301949093,0.22327096570109006,2232.7096570109006,,198.0198019801982,7000.51,KALSHI_PRICE_THRESHOLD,BTC-USD,,VENUE,drift_bps=0.0|vol_bps=0.0,NO_TRADE,THIN_BOOK,THIN_BOOK,"[""DEPTH_NEAR_USD:6112"", ""THIN_BOOK"", ""LAST_SHOCK:THIN_BOOK"", ""DATA:LIVE"", ""BOOK_SHA1:02412f01ae"", ""EXEC:PAPER""]",0.0,0.0,0.0,0,False,,,,,,,,,,,BSM_BINARY_ND2,0.65,0.045,-0.6924052004614148,0.23386895698050908,0.24434145043838862,0.9571399226815992,PV_DISCOUNTED,383838.0,191918.99999999997,0.5,0.51,0.49,0.5
1768059488056,v1.1,KXBTCMAXY-26DEC31-119999.99,1768059488056,1798779540000,UNKNOWN,COINBASE,https://api.exchange.coinbase.com/products/BTC-USD/ticker,KALSHI,KXBTCMAXY-26DEC31-119999.99,90493.545,True,RESOLUTION_UNKNOWN,4573,0.5,0.51,0.49,0.5,True,,0,0.51,0.5,0.23386895622077994,-0.27613104377922004,0.22327096823512038,2232.709682351204,,198.0198019801982,7000.51,KALSHI_PRICE_THRESHOLD,BTC-USD,,VENUE,drift_bps=0.0|vol_bps=0.0,NO_TRADE,THIN_BOOK,THIN_BOOK,"[""DEPTH_NEAR_USD:6112"", ""THIN_BOOK"", ""LAST_SHOCK:THIN_BOOK"", ""DATA:LIVE"", ""BOOK_SHA1:02412f01ae"", ""EXEC:PAPER""]",0.0,0.0,0.0,0,False,,,,,,,,,,,BSM_BINARY_ND2,0.65,0.045,-0.6924052044329372,0.23386895622077994,0.2443414491916906,0.9571399244559003,PV_DISCOUNTED,383838.0,191918.99999999997,0.5,0.51,0.49,0.5
1768059489261,v1.1,KXBTCMAXY-26DEC31-119999.99,1768059489261,1798779540000,UNKNOWN,COINBASE,https://api.exchange.coinbase.com/products/BTC-USD/ticker,KALSHI,KXBTCMAXY-26DEC31-119999.99,90499.745,True,RESOLUTION_UNKNOWN,1096,0.5,0.51,0.49,0.5,True,,0,0.51,0.5,0.2339010538602935,-0.27609894613970654,0.22323887224024752,2232.388722402475,,198.0198019801982,7000.51,KALSHI_PRICE_THRESHOLD,BTC-USD,,VENUE,drift_bps=0.7|vol_bps=0.2,NO_TRADE,THIN_BOOK,THIN_BOOK,"[""DEPTH_NEAR_USD:6112"", ""THIN_BOOK"", ""LAST_SHOCK:THIN_BOOK"", ""DATA:LIVE"", ""BOOK_SHA1:02412f01ae"", ""EXEC:PAPER""]",0.0,0.0,0.0,0,False,,,,,,,,,,,BSM_BINARY_ND2,0.65,0.045,-0.6922983796774522,0.2339010538602935,0.24437498372178845,0.957139926100541,PV_DISCOUNTED,383838.0,191918.99999999997,0.5,0.51,0.49,0.5
1768059490437,v1.1,KXBTCMAXY-26DEC31-119999.99,1768059490437,1798779540000,UNKNOWN,COINBASE,https://api.exchange.coinbase.com/products/BTC-USD/ticker,KALSHI,KXBTCMAXY-26DEC31-119999.99,90499.745,True,RESOLUTION_UNKNOWN,2291,0.5,0.51,0.49,0.5,True,,0,0.51,0.5,0.23390105317361903,-0.276098946826381,0.2232388745319822,2232.388745319822,,198.0198019801982,7000.51,KALSHI_PRICE_THRESHOLD,BTC-USD,,VENUE,drift_bps=0.7|vol_bps=0.2,NO_TRADE,THIN_BOOK,THIN_BOOK,"[""DEPTH_NEAR_USD:6112"", ""THIN_BOOK"", ""LAST_SHOCK:THIN_BOOK"", ""DATA:LIVE"", ""BOOK_SHA1:02412f01ae"", ""EXEC:PAPER""]",0.0,0.0,0.0,0,False,,,,,,,,,,,BSM_BINARY_ND2,0.65,0.045,-0.6922983832681084,0.23390105317361903,0.24437498259456453,0.9571399277056012,PV_DISCOUNTED,383838.0,191918.99999999997,0.5,0.51,0.49,0.5
1768059491640,v1.1,KXBTCMAXY-26DEC31-119999.99,1768059491640,1798779540000,UNKNOWN,COINBASE,https://api.exchange.coinbase.com/products/BTC-USD/ticker,KALSHI,KXBTCMAXY-26DEC31-119999.99,90499.745,True,RESOLUTION_UNKNOWN,676,0.5,0.51,0.49,0.5,True,,0,0.51,0.5,0.2339010524711789,-0.27609894752882114,0.22323887687633326,2232.388768763333,,198.0198019801982,7000.51,KALSHI_PRICE_THRESHOLD,BTC-USD,,VENUE,drift_bps=0.7|vol_bps=0.2,NO_TRADE,THIN_BOOK,THIN_BOOK,"[""DEPTH_NEAR_USD:6112"", ""THIN_BOOK"", ""LAST_SHOCK:THIN_BOOK"", ""DATA:LIVE"", ""BOOK_SHA1:02412f01ae"", ""EXEC:PAPER""]",0.0,0.0,0.0,0,False,,,,,,,,,,,BSM_BINARY_ND2,0.65,0.045,-0.6922983869412037,0.2339010524711789,0.2443749814414603,0.9571399293475121,PV_DISCOUNTED,383838.0,191918.99999999997,0.5,0.51,0.49,0.5
1768059492968,v1.1,KXBTCMAXY-26DEC31-119999.99,1768059492968,1798779540000,UNKNOWN,COINBASE,https://api.exchange.coinbase.com/products/BTC-USD/ticker,KALSHI,KXBTCMAXY-26DEC31-119999.99,90499.745,True,RESOLUTION_UNKNOWN,1914,0.5,0.51,0.49,0.5,True,,0,0.51,0.5,0.23390105169575026,-0.27609894830424975,0.22323887946427867,2232.3887946427867,,198.0198019801982,7000.51,KALSHI_PRICE_THRESHOLD,BTC-USD,,VENUE,drift_bps=0.7|vol_bps=0.2,NO_TRADE,THIN_BOOK,THIN_BOOK,"[""DEPTH_NEAR_USD:6112"", ""THIN_BOOK"", ""LAST_SHOCK:THIN_BOOK"", ""DATA:LIVE"", ""BOOK_SHA1:02412f01ae"", ""EXEC:PAPER""]",0.0,0.0,0.0,0,False,,,,,,,,,,,BSM_BINARY_ND2,0.65,0.045,-0.6922983909959591,0.23390105169575026,0.24437498016854048,0.9571399311600289,PV_DISCOUNTED,383838.0,191918.99999999997,0.5,0.51,0.49,0.5
1768059494203,v1.1,KXBTCMAXY-26DEC31-119999.99,1768059494203,1798779540000,UNKNOWN,COINBASE,https://api.exchange.coinbase.com/products/BTC-USD/ticker,KALSHI,KXBTCMAXY-26DEC31-119999.99,90499.745,True,RESOLUTION_UNKNOWN,1271,0.5,0.51,0.49,0.5,True,,0,0.51,0.5,0.23390105097462488,-0.27609894902537513,0.22323888187099017,2232.388818709902,,198.0198019801982,7000.51,KALSHI_PRICE_THRESHOLD,BTC-USD,,VENUE,drift_bps=0.7|vol_bps=0.2,NO_TRADE,THIN_BOOK,THIN_BOOK,"[""DEPTH_NEAR_USD:6112"", ""THIN_BOOK"", ""LAST_SHOCK:THIN_BOOK"", ""DATA:LIVE"", ""BOOK_SHA1:02412f01ae"", ""EXEC:PAPER""]",0.0,0.0,0.0,0,False,,,,,,,,,,,BSM_BINARY_ND2,0.65,0.045,-0.6922983947667603,0.23390105097462488,0.24437497898476324,0.957139932845615,PV_DISCOUNTED,383838.0,191918.99999999997,0.5,0.51,0.49,0.5
1768059495436,v1.1,KXBTCMAXY-26DEC31-119999.99,1768059495436,1798779540000,UNKNOWN,COINBASE,https://api.exchange.coinbase.com/products/BTC-USD/ticker,KALSHI,KXBTCMAXY-26DEC31-119999.99,90499.745,True,RESOLUTION_UNKNOWN,1634,0.5,0.51,0.49,0.5,True,,0,0.51,0.5,0.23390105025466715,-0.2760989497453329,0.22323888427380434,2232.3888427380434,,198.0198019801982,7000.51,KALSHI_PRICE_THRESHOLD,BTC-USD,,VENUE,drift_bps=0.7|vol_bps=0.2,NO_TRADE,THIN_BOOK,THIN_BOOK,"[""DEPTH_NEAR_USD:6112"", ""THIN_BOOK"", ""LAST_SHOCK:THIN_BOOK"", ""DATA:LIVE"", ""BOOK_SHA1:02412f01ae"", ""EXEC:PAPER""]",0.0,0.0,0.0,0,False,,,,,,,,,,,BSM_BINARY_ND2,0.65,0.045,-0.692298398531455,0.23390105025466715,0.2443749778029029,0.9571399345284715,PV_DISCOUNTED,383838.0,191918.99999999997,0.5,0.51,0.49,0.5
1768059496682,v1.1,KXBTCMAXY-26DEC31-119999.99,1768059496682,1798779540000,UNKNOWN,COINBASE,https://api.exchange.coinbase.com/products/BTC-USD/ticker,KALSHI,KXBTCMAXY-26DEC31-119999.99,90499.745,True,RESOLUTION_UNKNOWN,2840,0.5,0.51,0.49,0.5,True,,0,0.51,0.5,0.2339010495271186,-0.2760989504728814,0.22323888670195235,2232.3888670195233,,198.0198019801982,7000.51,KALSHI_PRICE_THRESHOLD,BTC-USD,,VENUE,drift_bps=0.7|vol_bps=0.2,NO_TRADE,THIN_BOOK,THIN_BOOK,"[""DEPTH_NEAR_USD:6112"", ""THIN_BOOK"", ""LAST_SHOCK:THIN_BOOK"", ""DATA:LIVE"", ""BOOK_SHA1:02412f01ae"", ""EXEC:PAPER""]",0.0,0.0,0.0,0,False,,,,,,,,,,,BSM_BINARY_ND2,0.65,0.045,-0.6922984023358428,0.2339010495271186,0.2443749766085817,0.9571399362290709,PV_DISCOUNTED,383838.0,191918.99999999997,0.5,0.51,0.49,0.5
1768059497888,v1.1,KXBTCMAXY-26DEC31-119999.99,1768059497888,1798779540000,UNKNOWN,COINBASE,https://api.exchange.coinbase.com/products/BTC-USD/ticker,KALSHI,KXBTCMAXY-26DEC31-119999.99,90499.745,True,RESOLUTION_UNKNOWN,4058,0.5,0.51,0.49,0.5,True,,0,0.51,0.5,0.23390104882292606,-0.27609895117707395,0.2232388890521504,2232.388890521504,,198.0198019801982,6971.110000000001,KALSHI_PRICE_THRESHOLD,BTC-USD,,VENUE,drift_bps=0.7|vol_bps=0.2,NO_TRADE,THIN_BOOK,THIN_BOOK,"[""DEPTH_NEAR_USD:6091"", ""THIN_BOOK"", ""LAST_SHOCK:THIN_BOOK"", ""DATA:LIVE"", ""BOOK_SHA1:132fc4b200"", ""EXEC:PAPER""]",0.0,0.0,0.0,0,False,,,,,,,,,,,BSM_BINARY_ND2,0.65,0.045,-0.6922984060181,0.23390104882292606,0.24437497545260123,0.9571399378750765,PV_DISCOUNTED,383760.0,191880.0,0.5,0.51,0.49,0.5
1768059499112,v1.1,KXBTCMAXY-26DEC31-119999.99,1768059499112,1798779540000,UNKNOWN,COINBASE,https://api.exchange.coinbase.com/products/BTC-USD/ticker,KALSHI,KXBTCMAXY-26DEC31-119999.99,90499.745,True,RESOLUTION_UNKNOWN,1111,0.5,0.51,0.49,0.5,True,,0,0.51,0.5,0.23390104810822313,-0.2760989518917769,0.22323889143742615,2232.3889143742613,,198.0198019801982,7000.51,KALSHI_PRICE_THRESHOLD,BTC-USD,,VENUE,drift_bps=0.7|vol_bps=0.1,NO_TRADE,THIN_BOOK,THIN_BOOK,"[""DEPTH_NEAR_USD:6122"", ""THIN_BOOK"", ""LAST_SHOCK:THIN_BOOK"", ""DATA:LIVE"", ""BOOK_SHA1:3340ae811d"", ""EXEC:PAPER""]",0.0,0.0,0.0,0,False,,,,,,,,,,,BSM_BINARY_ND2,0.65,0.045,-0.6922984097553166,0.23390104810822313,0.24437497427936722,0.9571399395456492,PV_DISCOUNTED,383880.0,191940.0,0.5,0.51,0.49,0.5
1768059500308,v1.1,KXBTCMAXY-26DEC31-119999.99,1768059500308,1798779540000,UNKNOWN,COINBASE,https://api.exchange.coinbase.com/products/BTC-USD/ticker,KALSHI,KXBTCMAXY-26DEC31-119999.99,90499.745,True,RESOLUTION_UNKNOWN,825,0.5,0.51,0.49,0.5,True,,0,0.51,0.5,0.2339010474098695,-0.2760989525901305,0.22323889376813677,2232.3889376813677,,198.0198019801982,7032.75,KALSHI_PRICE_THRESHOLD,BTC-USD,,VENUE,drift_bps=0.7|vol_bps=0.1,NO_TRADE,THIN_BOOK,THIN_BOOK,"[""DEPTH_NEAR_USD:6155"", ""THIN_BOOK"", ""LAST_SHOCK:THIN_BOOK"", ""DATA:LIVE"", ""BOOK_SHA1:8d6943d994"", ""EXEC:PAPER""]",0.0,0.0,0.0,0,False,,,,,,,,,,,BSM_BINARY_ND2,0.65,0.045,-0.6922984134070418,0.2339010474098695,0.2443749731329718,0.9571399411780063,PV_DISCOUNTED,384010.0,192005.0,0.5,0.51,0.49,0.5
1768059501575,v1.1,KXBTCMAXY-26DEC31-119999.99,1768059501575,1798779540000,UNKNOWN,COINBASE,https://api.exchange.coinbase.com/products/BTC-USD/ticker,KALSHI,KXBTCMAXY-26DEC31-119999.99,90499.745,True,RESOLUTION_UNKNOWN,1300,0.5,0.51,0.49,0.5,True,,0,0.51,0.5,0.2339010466700583,-0.2760989533299417,0.22323889623720927,2232.388962372093,,198.0198019801982,7032.75,KALSHI_PRICE_THRESHOLD,BTC-USD,,VENUE,drift_bps=0.7|vol_bps=0.1,NO_TRADE,THIN_BOOK,THIN_BOOK,"[""DEPTH_NEAR_USD:6155"", ""THIN_BOOK"", ""LAST_SHOCK:THIN_BOOK"", ""DATA:LIVE"", ""BOOK_SHA1:8d6943d994"", ""EXEC:PAPER""]",0.0,0.0,0.0,0,False,,,,,,,,,,,BSM_BINARY_ND2,0.65,0.045,-0.6922984172755504,0.2339010466700583,0.24437497191852098,0.9571399429072676,PV_DISCOUNTED,384010.0,192005.0,0.5,0.51,0.49,0.5
1768059502782,v1.1,KXBTCMAXY-26DEC31-119999.99,1768059502782,1798779540000,UNKNOWN,COINBASE,https://api.exchange.coinbase.com/products/BTC-USD/ticker,KALSHI,KXBTCMAXY-26DEC31-119999.99,90499.745,True,RESOLUTION_UNKNOWN,2508,0.5,0.51,0.49,0.5,True,,0,0.51,0.5,0.2339010459652813,-0.27609895403471874,0.22323889858935664,2232.3889858935663,,198.0198019801982,7032.75,KALSHI_PRICE_THRESHOLD,BTC-USD,,VENUE,drift_bps=0.7|vol_bps=0.1,NO_TRADE,THIN_BOOK,THIN_BOOK,"[""DEPTH_NEAR_USD:6155"", ""THIN_BOOK"", ""LAST_SHOCK:THIN_BOOK"", ""DATA:LIVE"", ""BOOK_SHA1:8d6943d994"", ""EXEC:PAPER""]",0.0,0.0,0.0,0,False,,,,,,,,,,,BSM_BINARY_ND2,0.65,0.045,-0.6922984209608626,0.2339010459652813,0.24437497076158143,0.9571399445546379,PV_DISCOUNTED,384010.0,192005.0,0.5,0.51,0.49,0.5
1768059503991,v1.1,KXBTCMAXY-26DEC31-119999.99,1768059503991,1798779540000,UNKNOWN,COINBASE,https://api.exchange.coinbase.com/products/BTC-USD/ticker,KALSHI,KXBTCMAXY-26DEC31-119999.99,90499.715,True,RESOLUTION_UNKNOWN,366,0.5,0.51,0.49,0.5,True,,0,0.51,0.5,0.23390088994431332,-0.27609911005568666,0.22323905626042462,2232.390562604246,,198.0198019801982,7032.75,KALSHI_PRICE_THRESHOLD,BTC-USD,,VENUE,drift_bps=0.7|vol_bps=0.1,NO_TRADE,THIN_BOOK,THIN_BOOK,"[""DEPTH_NEAR_USD:6155"", ""THIN_BOOK"", ""LAST_SHOCK:THIN_BOOK"", ""DATA:LIVE"", ""BOOK_SHA1:8d6943d994"", ""EXEC:PAPER""]",0.0,0.0,0.0,0,False,,,,,,,,,,,BSM_BINARY_ND2,0.65,0.045,-0.6922989415465753,0.23390088994431332,0.2443748073328041,0.957139946204738,PV_DISCOUNTED,384010.0,192005.0,0.5,0.51,0.49,0.5
1768059505257,v1.1,KXBTCMAXY-26DEC31-119999.99,1768059505257,1798779540000,UNKNOWN,COINBASE,https://api.exchange.coinbase.com/products/BTC-USD/ticker,KALSHI,KXBTCMAXY-26DEC31-119999.99,90499.715,True,RESOLUTION_UNKNOWN,547,0.5,0.51,0.49,0.5,True,,0,0.51,0.5,0.2339008892050825,-0.2760991107949175,0.2232390587275519,2232.390587275519,,198.0198019801982,7032.75,KALSHI_PRICE_THRESHOLD,BTC-USD,,VENUE,drift_bps=0.7|vol_bps=0.1,NO_TRADE,THIN_BOOK,THIN_BOOK,"[""DEPTH_NEAR_USD:6155"", ""THIN_BOOK"", ""LAST_SHOCK:THIN_BOOK"", ""DATA:LIVE"", ""BOOK_SHA1:8d6943d994"", ""EXEC:PAPER""]",0.0,0.0,0.0,0,False,,,,,,,,,,,BSM_BINARY_ND2,0.65,0.045,-0.6922989454120427,0.2339008892050825,0.24437480611930845,0.9571399479326343,PV_DISCOUNTED,384010.0,192005.0,0.5,0.51,0.49,0.5
1768059506489,v1.1,KXBTCMAXY-26DEC31-119999.99,1768059506489,1798779540000,UNKNOWN,COINBASE,https://api.exchange.coinbase.com/products/BTC-USD/ticker,KALSHI,KXBTCMAXY-26DEC31-119999.99,90499.715,True,RESOLUTION_UNKNOWN,548,0.5,0.51,0.49,0.5,True,,0,0.51,0.5,0.23390088848570456,-0.27609911151429545,0.2232390611284214,2232.390611284214,,198.0198019801982,7032.75,KALSHI_PRICE_THRESHOLD,BTC-USD,,VENUE,drift_bps=0.7|vol_bps=0.1,NO_TRADE,THIN_BOOK,THIN_BOOK,"[""DEPTH_NEAR_USD:6155"", ""THIN_BOOK"", ""LAST_SHOCK:THIN_BOOK"", ""DATA:LIVE"", ""BOOK_SHA1:8d6943d994"", ""EXEC:PAPER""]",0.0,0.0,0.0,0,False,,,,,,,,,,,BSM_BINARY_ND2,0.65,0.045,-0.6922989491736985,0.23390088848570456,0.24437480493840263,0.957139949614126,PV_DISCOUNTED,384010.0,192005.0,0.5,0.51,0.49,0.5
1768059507684,v1.1,KXBTCMAXY-26DEC31-119999.99,1768059507684,1798779540000,UNKNOWN,COINBASE,https://api.exchange.coinbase.com/products/BTC-USD/ticker,KALSHI,KXBTCMAXY-26DEC31-119999.99,90499.715,True,RESOLUTION_UNKNOWN,1321,0.5,0.51,0.49,0.5,True,,0,0.51,0.5,0.2339008877879312,-0.27609911221206884,0.22323906345718703,2232.39063457187,,198.0198019801982,7032.75,KALSHI_PRICE_THRESHOLD,BTC-USD,,VENUE,drift_bps=0.7|vol_bps=0.1,NO_TRADE,THIN_BOOK,THIN_BOOK,"[""DEPTH_NEAR_USD:6155"", ""THIN_BOOK"", ""LAST_SHOCK:THIN_BOOK"", ""DATA:LIVE"", ""BOOK_SHA1:8d6943d994"", ""EXEC:PAPER""]",0.0,0.0,0.0,0,False,,,,,,,,,,,BSM_BINARY_ND2,0.65,0.045,-0.6922989528223829,0.2339008877879312,0.24437480379296223,0.9571399512451182,PV_DISCOUNTED,384010.0,192005.0,0.5,0.51,0.49,0.5
1768059508946,v1.1,KXBTCMAXY-26DEC31-119999.99,1768059508946,1798779540000,UNKNOWN,COINBASE,https://api.exchange.coinbase.com/products/BTC-USD/ticker,KALSHI,KXBTCMAXY-26DEC31-119999.99,90499.715,True,RESOLUTION_UNKNOWN,1176,0.5,0.51,0.49,0.5,True,,0,0.51,0.5,0.23390088705103568,-0.27609911294896433,0.22323906591651954,2232.3906591651953,,198.0198019801982,7032.75,KALSHI_PRICE_THRESHOLD,BTC-USD,,VENUE,drift_bps=0.7|vol_bps=0.1,NO_TRADE,THIN_BOOK,THIN_BOOK,"[""DEPTH_NEAR_USD:6155"", ""THIN_BOOK"", ""LAST_SHOCK:THIN_BOOK"", ""DATA:LIVE"", ""BOOK_SHA1:8d6943d994"", ""EXEC:PAPER""]",0.0,0.0,0.0,0,False,,,,,,,,,,,BSM_BINARY_ND2,0.65,0.045,-0.6922989566756382,0.23390088705103568,0.24437480258330035,0.9571399529675552,PV_DISCOUNTED,384010.0,192005.0,0.5,0.51,0.49,0.5
1768059510164,v1.1,KXBTCMAXY-26DEC31-119999.99,1768059510164,1798779540000,UNKNOWN,COINBASE,https://api.exchange.coinbase.com/products/BTC-USD/ticker,KALSHI,KXBTCMAXY-26DEC31-119999.99,90499.715,True,RESOLUTION_UNKNOWN,2384,0.5,0.51,0.49,0.5,True,,0,0.51,0.5,0.23390088633983205,-0.2760991136601679,0.22323906829010687,2232.390682901069,,198.0198019801982,7032.75,KALSHI_PRICE_THRESHOLD,BTC-USD,,VENUE,drift_bps=0.7|vol_bps=0.1,NO_TRADE,THIN_BOOK,THIN_BOOK,"[""DEPTH_NEAR_USD:6155"", ""THIN_BOOK"", ""LAST_SHOCK:THIN_BOOK"", ""DATA:LIVE"", ""BOOK_SHA1:8d6943d994"", ""EXEC:PAPER""]",0.0,0.0,0.0,0,False,,,,,,,,,,,BSM_BINARY_ND2,0.65,0.045,-0.6922989603945493,0.23390088633983205,0.24437480141581347,0.957139954629939,PV_DISCOUNTED,384010.0,192005.0,0.5,0.51,0.49,0.5
1768059511377,v1.1,KXBTCMAXY-26DEC31-119999.99,1768059511377,1798779540000,UNKNOWN,COINBASE,https://api.exchange.coinbase.com/products/BTC-USD/ticker,KALSHI,KXBTCMAXY-26DEC31-119999.99,90499.715,True,RESOLUTION_UNKNOWN,1126,0.5,0.51,0.49,0.5,True,,0,0.51,0.5,0.23390088563154793,-0.2760991143684521,0.22323907065395043,2232.390706539504,,198.0198019801982,7032.75,KALSHI_PRICE_THRESHOLD,BTC-USD,,VENUE,drift_bps=0.7|vol_bps=0.1,NO_TRADE,THIN_BOOK,THIN_BOOK,"[""DEPTH_NEAR_USD:6155"", ""THIN_BOOK"", ""LAST_SHOCK:THIN_BOOK"", ""DATA:LIVE"", ""BOOK_SHA1:8d6943d994"", ""EXEC:PAPER""]",0.0,0.0,0.0,0,False,,,,,,,,,,,BSM_BINARY_ND2,0.65,0.045,-0.6922989640981942,0.23390088563154793,0.24437480025311922,0.9571399562854984,PV_DISCOUNTED,384010.0,192005.0,0.5,0.51,0.49,0.5
1768059512574,v1.1,KXBTCMAXY-26DEC31-119999.99,1768059512574,1798779540000,UNKNOWN,COINBASE,https://api.exchange.coinbase.com/products/BTC-USD/ticker,KALSHI,KXBTCMAXY-26DEC31-119999.99,90499.715,True,RESOLUTION_UNKNOWN,2294,0.5,0.51,0.49,0.5,True,,0,0.51,0.5,0.23390088493260622,-0.2760991150673938,0.22323907298661416,2232.3907298661416,,198.0198019801982,7032.75,KALSHI_PRICE_THRESHOLD,BTC-USD,,VENUE,drift_bps=0.7|vol_bps=0.1,NO_TRADE,THIN_BOOK,THIN_BOOK,"[""DEPTH_NEAR_USD:6155"", ""THIN_BOOK"", ""LAST_SHOCK:THIN_BOOK"", ""DATA:LIVE"", ""BOOK_SHA1:8d6943d994"", ""EXEC:PAPER""]",0.0,0.0,0.0,0,False,,,,,,,,,,,BSM_BINARY_ND2,0.65,0.045,-0.6922989677529868,0.23390088493260622,0.2443747991057612,0.9571399579192204,PV_DISCOUNTED,384010.0,192005.0,0.5,0.51,0.49,0.5
1768059513748,v1.1,KXBTCMAXY-26DEC31-119999.99,1768059513748,1798779540000,UNKNOWN,COINBASE,https://api.exchange.coinbase.com/products/BTC-USD/ticker,KALSHI,KXBTCMAXY-26DEC31-119999.99,90499.715,True,RESOLUTION_UNKNOWN,3490,0.5,0.51,0.49,0.5,True,,0,0.51,0.5,0.23390088424709432,-0.2760991157529057,0.22323907527445652,2232.3907527445654,,198.0198019801982,7032.75,KALSHI_PRICE_THRESHOLD,BTC-USD,,VENUE,drift_bps=0.7|vol_bps=0.1,NO_TRADE,THIN_BOOK,THIN_BOOK,"[""DEPTH_NEAR_USD:6155"", ""THIN_BOOK"", ""LAST_SHOCK:THIN_BOOK"", ""DATA:LIVE"", ""BOOK_SHA1:8d6943d994"", ""EXEC:PAPER""]",0.0,0.0,0.0,0,False,,,,,,,,,,,BSM_BINARY_ND2,0.65,0.045,-0.6922989713375541,0.23390088424709432,0.2443747979804492,0.9571399595215508,PV_DISCOUNTED,384010.0,192005.0,0.5,0.51,0.49,0.5
1768059514949,v1.1,KXBTCMAXY-26DEC31-119999.99,1768059514949,1798779540000,UNKNOWN,COINBASE,https://api.exchange.coinbase.com/products/BTC-USD/ticker,KALSHI,KXBTCMAXY-26DEC31-119999.99,90499.715,True,RESOLUTION_UNKNOWN,1746,0.5,0.51,0.49,0.5,True,,0,0.51,0.5,0.23390088354581676,-0.2760991164541833,0.22323907761491546,2232.3907761491546,,198.0198019801982,7032.75,KALSHI_PRICE_THRESHOLD,BTC-USD,,VENUE,drift_bps=0.7|vol_bps=0.1,NO_TRADE,THIN_BOOK,THIN_BOOK,"[""DEPTH_NEAR_USD:6155"", ""THIN_BOOK"", ""LAST_SHOCK:THIN_BOOK"", ""DATA:LIVE"", ""BOOK_SHA1:8d6943d994"", ""EXEC:PAPER""]",0.0,0.0,0.0,0,False,,,,,,,,,,,BSM_BINARY_ND2,0.65,0.045,-0.6922989750045607,0.23390088354581676,0.2443747968292569,0.9571399611607322,PV_DISCOUNTED,384010.0,192005.0,0.5,0.51,0.49,0.5
1768059516181,v1.1,KXBTCMAXY-26DEC31-119999.99,1768059516181,1798779540000,UNKNOWN,COINBASE,https://api.exchange.coinbase.com/products/BTC-USD/ticker,KALSHI,KXBTCMAXY-26DEC31-119999.99,90499.715,True,RESOLUTION_UNKNOWN,1827,0.5,0.51,0.49,0.5,True,,0,0.51,0.5,0.2339008828264378,-0.27609911717356217,0.22323908001578596,2232.3908001578598,,198.0198019801982,7032.75,KALSHI_PRICE_THRESHOLD,BTC-USD,,VENUE,drift_bps=0.7|vol_bps=0.1,NO_TRADE,THIN_BOOK,THIN_BOOK,"[""DEPTH_NEAR_USD:6155"", ""THIN_BOOK"", ""LAST_SHOCK:THIN_BOOK"", ""DATA:LIVE"", ""BOOK_SHA1:8d6943d994"", ""EXEC:PAPER""]",0.0,0.0,0.0,0,False,,,,,,,,,,,BSM_BINARY_ND2,0.65,0.045,-0.6922989787662198,0.2339008828264378,0.24437479564835007,0.9571399628422238,PV_DISCOUNTED,384010.0,192005.0,0.5,0.51,0.49,0.5
1768059517377,v1.1,KXBTCMAXY-26DEC31-119999.99,1768059517377,1798779540000,UNKNOWN,COINBASE,https://api.exchange.coinbase.com/products/BTC-USD/ticker,KALSHI,KXBTCMAXY-26DEC31-119999.99,90499.715,True,RESOLUTION_UNKNOWN,860,0.5,0.51,0.49,0.5,True,,0,0.51,0.5,0.23390088212807952,-0.2760991178719205,0.22323908234650136,2232.3908234650135,,198.0198019801982,7032.75,KALSHI_PRICE_THRESHOLD,BTC-USD,,VENUE,drift_bps=0.7|vol_bps=0.1,NO_TRADE,THIN_BOOK,THIN_BOOK,"[""DEPTH_NEAR_USD:6155"", ""THIN_BOOK"", ""LAST_SHOCK:THIN_BOOK"", ""DATA:LIVE"", ""BOOK_SHA1:8d6943d994"", ""EXEC:PAPER""]",0.0,0.0,0.0,0,False,,,,,,,,,,,BSM_BINARY_ND2,0.65,0.045,-0.6922989824179608,0.23390088212807952,0.2443747945019501,0.9571399644745809,PV_DISCOUNTED,384010.0,192005.0,0.5,0.51,0.49,0.5
1768059518641,v1.1,KXBTCMAXY-26DEC31-119999.99,1768059518641,1798779540000,UNKNOWN,COINBASE,https://api.exchange.coinbase.com/products/BTC-USD/ticker,KALSHI,KXBTCMAXY-26DEC31-119999.99,90499.715,True,RESOLUTION_UNKNOWN,1110,0.5,0.51,0.49,0.5,True,,0,0.51,0.5,0.23390088139001514,-0.2760991186099849,0.22323908480973254,2232.3908480973255,,198.0198019801982,6976.89,KALSHI_PRICE_THRESHOLD,BTC-USD,,VENUE,drift_bps=0.7|vol_bps=0.1,NO_TRADE,THIN_BOOK,THIN_BOOK,"[""DEPTH_NEAR_USD:6096"", ""THIN_BOOK"", ""LAST_SHOCK:THIN_BOOK"", ""DATA:LIVE"", ""BOOK_SHA1:0fe5783aeb"", ""EXEC:PAPER""]",0.0,0.0,0.0,0,False,,,,,,,,,,,BSM_BINARY_ND2,0.65,0.045,-0.6922989862773262,0.23390088139001514,0.2443747932903701,0.9571399661997476,PV_DISCOUNTED,383782.0,191891.0,0.5,0.51,0.49,0.5
1768059519896,v1.1,KXBTCMAXY-26DEC31-119999.99,1768059519896,1798779540000,UNKNOWN,COINBASE,https://api.exchange.coinbase.com/products/BTC-USD/ticker,KALSHI,KXBTCMAXY-26DEC31-119999.99,90499.715,True,RESOLUTION_UNKNOWN,2295,0.5,0.51,0.49,0.5,True,,0,0.51,0.5,0.23390088065720582,-0.2760991193427942,0.22323908725542496,2232.3908725542497,,198.0198019801982,6976.89,KALSHI_PRICE_THRESHOLD,BTC-USD,,VENUE,drift_bps=0.7|vol_bps=0.1,NO_TRADE,THIN_BOOK,THIN_BOOK,"[""DEPTH_NEAR_USD:6096"", ""THIN_BOOK"", ""LAST_SHOCK:THIN_BOOK"", ""DATA:LIVE"", ""BOOK_SHA1:0fe5783aeb"", ""EXEC:PAPER""]",0.0,0.0,0.0,0,False,,,,,,,,,,,BSM_BINARY_ND2,0.65,0.045,-0.6922989901092126,0.23390088065720582,0.2443747920874167,0.9571399679126308,PV_DISCOUNTED,383782.0,191891.0,0.5,0.51,0.49,0.5
1768059521088,v1.1,KXBTCMAXY-26DEC31-119999.99,1768059521088,1798779540000,UNKNOWN,COINBASE,https://api.exchange.coinbase.com/products/BTC-USD/ticker,KALSHI,KXBTCMAXY-26DEC31-119999.99,90499.715,True,RESOLUTION_UNKNOWN,1130,0.5,0.51,0.49,0.5,True,,0,0.51,0.5,0.23390087996118283,-0.2760991200388172,0.2232390895783457,2232.390895783457,,198.0198019801982,6976.89,KALSHI_PRICE_THRESHOLD,BTC-USD,,VENUE,drift_bps=0.7|vol_bps=0.1,NO_TRADE,THIN_BOOK,THIN_BOOK,"[""DEPTH_NEAR_USD:6096"", ""THIN_BOOK"", ""LAST_SHOCK:THIN_BOOK"", ""DATA:LIVE"", ""BOOK_SHA1:0fe5783aeb"", ""EXEC:PAPER""]",0.0,0.0,0.0,0,False,,,,,,,,,,,BSM_BINARY_ND2,0.65,0.045,-0.6922989937487416,0.23390087996118283,0.24437479094485048,0.9571399695395285,PV_DISCOUNTED,383782.0,191891.0,0.5,0.51,0.49,0.5
1768059522300,v1.1,KXBTCMAXY-26DEC31-119999.99,1768059522300,1798779540000,UNKNOWN,COINBASE,https://api.exchange.coinbase.com/products/BTC-USD/ticker,KALSHI,KXBTCMAXY-26DEC31-119999.99,90499.715,True,RESOLUTION_UNKNOWN,2324,0.5,0.51,0.49,0.5,True,,0,0.51,0.5,0.2339008792534814,-0.2760991207465186,0.22323909194024183,2232.390919402418,,198.0198019801982,6976.89,KALSHI_PRICE_THRESHOLD,BTC-USD,,VENUE,drift_bps=0.7|vol_bps=0.1,NO_TRADE,THIN_BOOK,THIN_BOOK,"[""DEPTH_NEAR_USD:6096"", ""THIN_BOOK"", ""LAST_SHOCK:THIN_BOOK"", ""DATA:LIVE"", ""BOOK_SHA1:0fe5783aeb"", ""EXEC:PAPER""]",0.0,0.0,0.0,0,False,,,,,,,,,,,BSM_BINARY_ND2,0.65,0.045,-0.692298997449337,0.2339008792534814,0.2443747897831135,0.9571399711937232,PV_DISCOUNTED,383782.0,191891.0,0.5,0.51,0.49,0.5
1768059523495,v1.1,KXBTCMAXY-26DEC31-119999.99,1768059523495,1798779540000,UNKNOWN,COINBASE,https://api.exchange.coinbase.com/products/BTC-USD/ticker,KALSHI,KXBTCMAXY-26DEC31-119999.99,90499.715,True,RESOLUTION_UNKNOWN,3521,0.5,0.51,0.49,0.5,True,,0,0.51,0.5,0.23390087855570646,-0.27609912144429355,0.223239094269009,2232.39094269009,,198.0198019801982,6976.89,KALSHI_PRICE_THRESHOLD,BTC-USD,,VENUE,drift_bps=0.7|vol_bps=0.1,NO_TRADE,THIN_BOOK,THIN_BOOK,"[""DEPTH_NEAR_USD:6096"", ""THIN_BOOK"", ""LAST_SHOCK:THIN_BOOK"", ""DATA:LIVE"", ""BOOK_SHA1:0fe5783aeb"", ""EXEC:PAPER""]",0.0,0.0,0.0,0,False,,,,,,,,,,,BSM_BINARY_ND2,0.65,0.045,-0.6922990010980267,0.23390087855570646,0.24437478863767148,0.9571399728247154,PV_DISCOUNTED,383782.0,191891.0,0.5,0.51,0.49,0.5
1768059524697,v1.1,KXBTCMAXY-26DEC31-119999.99,1768059524697,1798779540000,UNKNOWN,COINBASE,https://api.exchange.coinbase.com/products/BTC-USD/ticker,KALSHI,KXBTCMAXY-26DEC31-119999.99,90499.715,True,RESOLUTION_UNKNOWN,895,0.5,0.51,0.49,0.5,True,,0,0.51,0.5,0.23390087785384397,-0.27609912214615606,0.22323909661141772,2232.390966114177,,198.0198019801982,6976.89,KALSHI_PRICE_THRESHOLD,BTC-USD,,VENUE,drift_bps=0.7|vol_bps=0.1,NO_TRADE,THIN_BOOK,THIN_BOOK,"[""DEPTH_NEAR_USD:6096"", ""THIN_BOOK"", ""LAST_SHOCK:THIN_BOOK"", ""DATA:LIVE"", ""BOOK_SHA1:0fe5783aeb"", ""EXEC:PAPER""]",0.0,0.0,0.0,0,False,,,,,,,,,,,BSM_BINARY_ND2,0.65,0.045,-0.6922990047680898,0.23390087785384397,0.2443747874855196,0.9571399744652617,PV_DISCOUNTED,383782.0,191891.0,0.5,0.51,0.49,0.5
1768059525914,v1.1,KXBTCMAXY-26DEC31-119999.99,1768059525914,1798779540000,UNKNOWN,COINBASE,https://api.exchange.coinbase.com/products/BTC-USD/ticker,KALSHI,KXBTCMAXY-26DEC31-119999.99,90499.715,True,RESOLUTION_UNKNOWN,835,0.5,0.51,0.49,0.5,True,,0,0.51,0.5,0.23390087714322264,-0.2760991228567774,0.22323909898305794,2232.390989830579,,198.0198019801982,6976.89,KALSHI_PRICE_THRESHOLD,BTC-USD,,VENUE,drift_bps=0.7|vol_bps=0.1,NO_TRADE,THIN_BOOK,THIN_BOOK,"[""DEPTH_NEAR_USD:6096"", ""THIN_BOOK"", ""LAST_SHOCK:THIN_BOOK"", ""DATA:LIVE"", ""BOOK_SHA1:0fe5783aeb"", ""EXEC:PAPER""]",0.0,0.0,0.0,0,False,,,,,,,,,,,BSM_BINARY_ND2,0.65,0.045,-0.6922990084839531,0.23390087714322264,0.24437478631898962,0.9571399761262805,PV_DISCOUNTED,383782.0,191891.0,0.5,0.51,0.49,0.5
1768059527113,v1.1,KXBTCMAXY-26DEC31-119999.99,1768059527113,1798779540000,UNKNOWN,COINBASE,https://api.exchange.coinbase.com/products/BTC-USD/ticker,KALSHI,KXBTCMAXY-26DEC31-119999.99,90499.715,True,RESOLUTION_UNKNOWN,1545,0.5,0.51,0.49,0.5,True,,0,0.51,0.5,0.2339008764431117,-0.2760991235568883,0.22323910131962066,2232.3910131962066,,198.0198019801982,6976.89,KALSHI_PRICE_THRESHOLD,BTC-USD,,VENUE,drift_bps=0.7|vol_bps=0.1,NO_TRADE,THIN_BOOK,THIN_BOOK,"[""DEPTH_NEAR_USD:6096"", ""THIN_BOOK"", ""LAST_SHOCK:THIN_BOOK"", ""DATA:LIVE"", ""BOOK_SHA1:0fe5783aeb"", ""EXEC:PAPER""]",0.0,0.0,0.0,0,False,,,,,,,,,,,BSM_BINARY_ND2,0.65,0.045,-0.6922990121448571,0.2339008764431117,0.24437478516971312,0.9571399777627323,PV_DISCOUNTED,383782.0,191891.0,0.5,0.51,0.49,0.5
1768059528314,v1.1,KXBTCMAXY-26DEC31-119999.99,1768059528314,1798779540000,UNKNOWN,COINBASE,https://api.exchange.coinbase.com/products/BTC-USD/ticker,KALSHI,KXBTCMAXY-26DEC31-119999.99,90499.735,True,RESOLUTION_UNKNOWN,1335,0.5,0.51,0.49,0.5,True,,0,0.51,0.5,0.23390097928522036,-0.27609902071477965,0.2232390001166933,2232.390001166933,,198.0198019801982,6976.89,KALSHI_PRICE_THRESHOLD,BTC-USD,,VENUE,drift_bps=0.7|vol_bps=0.1,NO_TRADE,THIN_BOOK,THIN_BOOK,"[""DEPTH_NEAR_USD:6096"", ""THIN_BOOK"", ""LAST_SHOCK:THIN_BOOK"", ""DATA:LIVE"", ""BOOK_SHA1:0fe5783aeb"", ""EXEC:PAPER""]",0.0,0.0,0.0,0,False,,,,,,,,,,,BSM_BINARY_ND2,0.65,0.045,-0.6922986712155169,0.23390097928522036,0.24437489219850334,0.9571399794019136,PV_DISCOUNTED,383782.0,191891.0,0.5,0.51,0.49,0.5
1768059529521,v1.1,KXBTCMAXY-26DEC31-119999.99,1768059529521,1798779540000,UNKNOWN,COINBASE,https://api.exchange.coinbase.com/products/BTC-USD/ticker,KALSHI,KXBTCMAXY-26DEC31-119999.99,90499.745,True,RESOLUTION_UNKNOWN,1375,0.5,0.51,0.49,0.5,True,,0,0.51,0.5,0.23390103035213516,-0.27609896964786484,0.22323895069714894,2232.3895069714895,,198.0198019801982,6976.89,KALSHI_PRICE_THRESHOLD,BTC-USD,,VENUE,drift_bps=0.7|vol_bps=0.1,NO_TRADE,THIN_BOOK,THIN_BOOK,"[""DEPTH_NEAR_USD:6096"", ""THIN_BOOK"", ""LAST_SHOCK:THIN_BOOK"", ""DATA:LIVE"", ""BOOK_SHA1:0fe5783aeb"", ""EXEC:PAPER""]",0.0,0.0,0.0,0,False,,,,,,,,,,,BSM_BINARY_ND2,0.65,0.045,-0.6922985026026911,0.23390103035213516,0.24437494513155372,0.9571399810492841,PV_DISCOUNTED,383782.0,191891.0,0.5,0.51,0.49,0.5
1768059530732,v1.1,KXBTCMAXY-26DEC31-119999.99,1768059530732,1798779540000,UNKNOWN,COINBASE,https://api.exchange.coinbase.com/products/BTC-USD/ticker,KALSHI,KXBTCMAXY-26DEC31-119999.99,90499.745,True,RESOLUTION_UNKNOWN,1062,0.5,0.51,0.49,0.5,True,,0,0.51,0.5,0.2339010296450198,-0.2760989703549802,0.22323895305709418,2232.3895305709416,,198.0198019801982,6976.89,KALSHI_PRICE_THRESHOLD,BTC-USD,,VENUE,drift_bps=0.7|vol_bps=0.1,NO_TRADE,THIN_BOOK,THIN_BOOK,"[""DEPTH_NEAR_USD:6096"", ""THIN_BOOK"", ""LAST_SHOCK:THIN_BOOK"", ""DATA:LIVE"", ""BOOK_SHA1:0fe5783aeb"", ""EXEC:PAPER""]",0.0,0.0,0.0,0,False,,,,,,,,,,,BSM_BINARY_ND2,0.65,0.045,-0.6922985063002258,0.2339010296450198,0.24437494397077725,0.957139982702114,PV_DISCOUNTED,383782.0,191891.0,0.5,0.51,0.49,0.5
1768059531992,v1.1,KXBTCMAXY-26DEC31-119999.99,1768059531992,1798779540000,UNKNOWN,COINBASE,https://api.exchange.coinbase.com/products/BTC-USD/ticker,KALSHI,KXBTCMAXY-26DEC31-119999.99,90499.745,True,RESOLUTION_UNKNOWN,1105,0.5,0.51,0.49,0.5,True,,0,0.51,0.5,0.23390102890929268,-0.27609897109070736,0.2232389555125287,2232.389555125287,,198.0198019801982,6976.89,KALSHI_PRICE_THRESHOLD,BTC-USD,,VENUE,drift_bps=0.7|vol_bps=0.1,NO_TRADE,THIN_BOOK,THIN_BOOK,"[""DEPTH_NEAR_USD:6096"", ""THIN_BOOK"", ""LAST_SHOCK:THIN_BOOK"", ""DATA:LIVE"", ""BOOK_SHA1:0fe5783aeb"", ""EXEC:PAPER""]",0.0,0.0,0.0,0,False,,,,,,,,,,,BSM_BINARY_ND2,0.65,0.045,-0.6922985101473723,0.23390102890929268,0.2443749427630328,0.9571399844218214,PV_DISCOUNTED,383782.0,191891.0,0.5,0.51,0.49,0.5
1768059533189,v1.1,KXBTCMAXY-26DEC31-119999.99,1768059533189,1798779540000,UNKNOWN,COINBASE,https://api.exchange.coinbase.com/products/BTC-USD/ticker,KALSHI,KXBTCMAXY-26DEC31-119999.99,90499.745,True,RESOLUTION_UNKNOWN,2314,0.5,0.51,0.49,0.5,True,,0,0.51,0.5,0.23390102821035177,-0.27609897178964826,0.22323895784519154,2232.3895784519154,,198.0198019801982,6976.89,KALSHI_PRICE_THRESHOLD,BTC-USD,,VENUE,drift_bps=0.7|vol_bps=0.1,NO_TRADE,THIN_BOOK,THIN_BOOK,"[""DEPTH_NEAR_USD:6096"", ""THIN_BOOK"", ""LAST_SHOCK:THIN_BOOK"", ""DATA:LIVE"", ""BOOK_SHA1:0fe5783aeb"", ""EXEC:PAPER""]",0.0,0.0,0.0,0,False,,,,,,,,,,,BSM_BINARY_ND2,0.65,0.045,-0.6922985138021618,0.23390102821035177,0.2443749416156754,0.9571399860555433,PV_DISCOUNTED,383782.0,191891.0,0.5,0.51,0.49,0.5
1768059534398,v1.1,KXBTCMAXY-26DEC31-119999.99,1768059534398,1798779540000,UNKNOWN,COINBASE,https://api.exchange.coinbase.com/products/BTC-USD/ticker,KALSHI,KXBTCMAXY-26DEC31-119999.99,90499.745,True,RESOLUTION_UNKNOWN,1097,0.5,0.51,0.49,0.5,True,,0,0.51,0.5,0.2339010275044038,-0.27609897249559623,0.22323896020123968,2232.3896020123966,,198.0198019801982,6976.89,KALSHI_PRICE_THRESHOLD,BTC-USD,,VENUE,drift_bps=0.7|vol_bps=0.1,NO_TRADE,THIN_BOOK,THIN_BOOK,"[""DEPTH_NEAR_USD:6096"", ""THIN_BOOK"", ""LAST_SHOCK:THIN_BOOK"", ""DATA:LIVE"", ""BOOK_SHA1:0fe5783aeb"", ""EXEC:PAPER""]",0.0,0.0,0.0,0,False,,,,,,,,,,,BSM_BINARY_ND2,0.65,0.045,-0.6922985174935913,0.2339010275044038,0.24437494045681557,0.9571399877056435,PV_DISCOUNTED,383782.0,191891.0,0.5,0.51,0.49,0.5
1768059535606,v1.1,KXBTCMAXY-26DEC31-119999.99,1768059535606,1798779540000,UNKNOWN,COINBASE,https://api.exchange.coinbase.com/products/BTC-USD/ticker,KALSHI,KXBTCMAXY-26DEC31-119999.99,90499.745,True,RESOLUTION_UNKNOWN,1325,0.5,0.51,0.49,0.5,True,,0,0.51,0.5,0.2339010267990397,-0.27609897320096033,0.22323896255533915,2232.3896255533914,,198.0198019801982,6976.89,KALSHI_PRICE_THRESHOLD,BTC-USD,,VENUE,drift_bps=0.7|vol_bps=0.1,NO_TRADE,THIN_BOOK,THIN_BOOK,"[""DEPTH_NEAR_USD:6096"", ""THIN_BOOK"", ""LAST_SHOCK:THIN_BOOK"", ""DATA:LIVE"", ""BOOK_SHA1:0fe5783aeb"", ""EXEC:PAPER""]",0.0,0.0,0.0,0,False,,,,,,,,,,,BSM_BINARY_ND2,0.65,0.045,-0.6922985211819679,0.2339010267990397,0.24437493929891418,0.9571399893543788,PV_DISCOUNTED,383782.0,191891.0,0.5,0.51,0.49,0.5
1768059536798,v1.1,KXBTCMAXY-26DEC31-119999.99,1768059536798,1798779540000,UNKNOWN,COINBASE,https://api.exchange.coinbase.com/products/BTC-USD/ticker,KALSHI,KXBTCMAXY-26DEC31-119999.99,90499.745,True,RESOLUTION_UNKNOWN,1531,0.5,0.51,0.49,0.5,True,,0,0.51,0.5,0.23390102610301797,-0.276098973896982,0.22323896487825856,2232.3896487825855,,198.0198019801982,6976.89,KALSHI_PRICE_THRESHOLD,BTC-USD,,VENUE,drift_bps=0.7|vol_bps=0.1,NO_TRADE,THIN_BOOK,THIN_BOOK,"[""DEPTH_NEAR_USD:6096"", ""THIN_BOOK"", ""LAST_SHOCK:THIN_BOOK"", ""DATA:LIVE"", ""BOOK_SHA1:0fe5783aeb"", ""EXEC:PAPER""]",0.0,0.0,0.0,0,False,,,,,,,,,,,BSM_BINARY_ND2,0.65,0.045,-0.6922985248214921,0.23390102610301797,0.24437493815634906,0.9571399909812766,PV_DISCOUNTED,383782.0,191891.0,0.5,0.51,0.49,0.5
1768059538011,v1.1,KXBTCMAXY-26DEC31-119999.99,1768059538011,1798779540000,UNKNOWN,COINBASE,https://api.exchange.coinbase.com/products/BTC-USD/ticker,KALSHI,KXBTCMAXY-26DEC31-119999.99,90499.745,True,RESOLUTION_UNKNOWN,765,0.5,0.51,0.49,0.5,True,,0,0.51,0.5,0.233901025394734,-0.276098974605266,0.22323896724210213,2232.3896724210213,,198.0198019801982,6976.89,KALSHI_PRICE_THRESHOLD,BTC-USD,,VENUE,drift_bps=0.7|vol_bps=0.1,NO_TRADE,THIN_BOOK,THIN_BOOK,"[""DEPTH_NEAR_USD:6096"", ""THIN_BOOK"", ""LAST_SHOCK:THIN_BOOK"", ""DATA:LIVE"", ""BOOK_SHA1:0fe5783aeb"", ""EXEC:PAPER""]",0.0,0.0,0.0,0,False,,,,,,,,,,,BSM_BINARY_ND2,0.65,0.045,-0.692298528525136,0.233901025394734,0.24437493699365476,0.9571399926368361,PV_DISCOUNTED,383782.0,191891.0,0.5,0.51,0.49,0.5
1768059539219,v1.1,KXBTCMAXY-26DEC31-119999.99,1768059539219,1798779540000,UNKNOWN,COINBASE,https://api.exchange.coinbase.com/products/BTC-USD/ticker,KALSHI,KXBTCMAXY-26DEC31-119999.99,90510.515,True,RESOLUTION_UNKNOWN,1317,0.5,0.51,0.49,0.5,True,,0,0.51,0.5,0.2339567830774973,-0.2760432169225027,0.22318321120807427,2231.8321120807427,,198.0198019801982,6976.89,KALSHI_PRICE_THRESHOLD,BTC-USD,,VENUE,drift_bps=1.8|vol_bps=0.2,NO_TRADE,THIN_BOOK,THIN_BOOK,"[""DEPTH_NEAR_USD:6096"", ""THIN_BOOK"", ""LAST_SHOCK:THIN_BOOK"", ""DATA:LIVE"", ""BOOK_SHA1:0fe5783aeb"", ""EXEC:PAPER""]",0.0,0.0,0.0,0,False,,,,,,,,,,,BSM_BINARY_ND2,0.65,0.045,-0.692112978127173,0.2339567830774973,0.2444331910423692,0.9571399942855715,PV_DISCOUNTED,383782.0,191891.0,0.5,0.51,0.49,0.5
1768059540422,v1.1,KXBTCMAXY-26DEC31-119999.99,1768059540422,1798779540000,UNKNOWN,COINBASE,https://api.exchange.coinbase.com/products/BTC-USD/ticker,KALSHI,KXBTCMAXY-26DEC31-119999.99,90510.515,True,RESOLUTION_UNKNOWN,815,0.5,0.51,0.49,0.5,True,,0,0.51,0.5,0.23395678237609788,-0.27604321762390216,0.2231832135513847,2231.832135513847,,198.0198019801982,6976.89,KALSHI_PRICE_THRESHOLD,BTC-USD,,VENUE,drift_bps=1.8|vol_bps=0.2,NO_TRADE,THIN_BOOK,THIN_BOOK,"[""DEPTH_NEAR_USD:6096"", ""THIN_BOOK"", ""LAST_SHOCK:THIN_BOOK"", ""DATA:LIVE"", ""BOOK_SHA1:0fe5783aeb"", ""EXEC:PAPER""]",0.0,0.0,0.0,0,False,,,,,,,,,,,BSM_BINARY_ND2,0.65,0.045,-0.6921129817966516,0.23395678237609788,0.24443318989025253,0.9571399959274826,PV_DISCOUNTED,383782.0,191891.0,0.5,0.51,0.49,0.5
1768059541636,v1.1,KXBTCMAXY-26DEC31-119999.99,1768059541636,1798779540000,UNKNOWN,COINBASE,https://api.exchange.coinbase.com/products/BTC-USD/ticker,KALSHI,KXBTCMAXY-26DEC31-119999.99,90510.515,True,RESOLUTION_UNKNOWN,2009,0.5,0.51,0.49,0.5,True,,0,0.51,0.5,0.23395678166828485,-0.2760432183317152,0.2231832159161221,2231.832159161221,,198.0198019801982,6976.89,KALSHI_PRICE_THRESHOLD,BTC-USD,,VENUE,drift_bps=1.8|vol_bps=0.2,NO_TRADE,THIN_BOOK,THIN_BOOK,"[""DEPTH_NEAR_USD:6096"", ""THIN_BOOK"", ""LAST_SHOCK:THIN_BOOK"", ""DATA:LIVE"", ""BOOK_SHA1:0fe5783aeb"", ""EXEC:PAPER""]",0.0,0.0,0.0,0,False,,,,,,,,,,,BSM_BINARY_ND2,0.65,0.045,-0.6921129854996837,0.23395678166828485,0.24443318872760095,0.9571399975844069,PV_DISCOUNTED,383782.0,191891.0,0.5,0.51,0.49,0.5
1768059542829,v1.1,KXBTCMAXY-26DEC31-119999.99,1768059542829,1798779540000,UNKNOWN,COINBASE,https://api.exchange.coinbase.com/products/BTC-USD/ticker,KALSHI,KXBTCMAXY-26DEC31-119999.99,90510.515,True,RESOLUTION_UNKNOWN,3205,0.5,0.51,0.49,0.5,True,,0,0.51,0.5,0.2339567809727156,-0.2760432190272844,0.22318321823995402,2231.83218239954,,198.0198019801982,6976.89,KALSHI_PRICE_THRESHOLD,BTC-USD,,VENUE,drift_bps=1.8|vol_bps=0.2,NO_TRADE,THIN_BOOK,THIN_BOOK,"[""DEPTH_NEAR_USD:6096"", ""THIN_BOOK"", ""LAST_SHOCK:THIN_BOOK"", ""DATA:LIVE"", ""BOOK_SHA1:0fe5783aeb"", ""EXEC:PAPER""]",0.0,0.0,0.0,0,False,,,,,,,,,,,BSM_BINARY_ND2,0.65,0.045,-0.6921129891386604,0.2339567809727156,0.244433187585061,0.9571399992126696,PV_DISCOUNTED,383782.0,191891.0,0.5,0.51,0.49,0.5
1768059544027,v1.1,KXBTCMAXY-26DEC31-119999.99,1768059544027,1798779540000,UNKNOWN,COINBASE,https://api.exchange.coinbase.com/products/BTC-USD/ticker,KALSHI,KXBTCMAXY-26DEC31-119999.99,90510.515,True,RESOLUTION_UNKNOWN,1804,0.5,0.51,0.49,0.5,True,,0,0.51,0.5,0.23395678027423109,-0.27604321972576895,0.22318322057352535,2231.8322057352534,,198.0198019801982,6976.89,KALSHI_PRICE_THRESHOLD,BTC-USD,,VENUE,drift_bps=1.8|vol_bps=0.2,NO_TRADE,THIN_BOOK,THIN_BOOK,"[""DEPTH_NEAR_USD:6096"", ""THIN_BOOK"", ""LAST_SHOCK:THIN_BOOK"", ""DATA:LIVE"", ""BOOK_SHA1:0fe5783aeb"", ""EXEC:PAPER""]",0.0,0.0,0.0,0,False,,,,,,,,,,,BSM_BINARY_ND2,0.65,0.045,-0.6921129927928887,0.23395678027423109,0.24443318643773249,0.9571400008477564,PV_DISCOUNTED,383782.0,191891.0,0.5,0.51,0.49,0.5
1768059545294,v1.1,KXBTCMAXY-26DEC31-119999.99,1768059545294,1798779540000,UNKNOWN,COINBASE,https://api.exchange.coinbase.com/products/BTC-USD/ticker,KALSHI,KXBTCMAXY-26DEC31-119999.99,90510.515,True,RESOLUTION_UNKNOWN,571,0.5,0.51,0.49,0.5,True,,0,0.51,0.5,0.23395677953551644,-0.2760432204644836,0.2231832230415014,2231.832230415014,,198.0198019801982,7033.7300000000005,KALSHI_PRICE_THRESHOLD,BTC-USD,,VENUE,drift_bps=1.9|vol_bps=0.2,NO_TRADE,THIN_BOOK,THIN_BOOK,"[""DEPTH_NEAR_USD:6156"", ""THIN_BOOK"", ""LAST_SHOCK:THIN_BOOK"", ""DATA:LIVE"", ""BOOK_SHA1:028fadea45"", ""EXEC:PAPER""]",0.0,0.0,0.0,0,False,,,,,,,,,,,BSM_BINARY_ND2,0.65,0.045,-0.6921129966575866,0.23395677953551644,0.24443318522432222,0.9571400025770178,PV_DISCOUNTED,384014.0,192007.0,0.5,0.51,0.49,0.5
1768059546517,v1.1,KXBTCMAXY-26DEC31-119999.99,1768059546517,1798779540000,UNKNOWN,COINBASE,https://api.exchange.coinbase.com/products/BTC-USD/ticker,KALSHI,KXBTCMAXY-26DEC31-119999.99,90510.515,True,RESOLUTION_UNKNOWN,1393,0.5,0.51,0.49,0.5,True,,0,0.51,0.5,0.2339567788224556,-0.27604322117754443,0.22318322542377023,2231.8322542377023,,198.0198019801982,6976.89,KALSHI_PRICE_THRESHOLD,BTC-USD,,VENUE,drift_bps=1.9|vol_bps=0.2,NO_TRADE,THIN_BOOK,THIN_BOOK,"[""DEPTH_NEAR_USD:6096"", ""THIN_BOOK"", ""LAST_SHOCK:THIN_BOOK"", ""DATA:LIVE"", ""BOOK_SHA1:0fe5783aeb"", ""EXEC:PAPER""]",0.0,0.0,0.0,0,False,,,,,,,,,,,BSM_BINARY_ND2,0.65,0.045,-0.6921130003880727,0.2339567788224556,0.24443318405305087,0.9571400042462258,PV_DISCOUNTED,383782.0,191891.0,0.5,0.51,0.49,0.5
1768059547706,v1.1,KXBTCMAXY-26DEC31-119999.99,1768059547706,1798779540000,UNKNOWN,COINBASE,https://api.exchange.coinbase.com/products/BTC-USD/ticker,KALSHI,KXBTCMAXY-26DEC31-119999.99,90510.515,True,RESOLUTION_UNKNOWN,1445,0.5,0.51,0.49,0.5,True,,0,0.51,0.5,0.2339567781292181,-0.2760432218707819,0.22318322773981103,2231.8322773981104,,198.0198019801982,7033.7300000000005,KALSHI_PRICE_THRESHOLD,BTC-USD,,VENUE,drift_bps=1.9|vol_bps=0.2,NO_TRADE,THIN_BOOK,THIN_BOOK,"[""DEPTH_NEAR_USD:6156"", ""THIN_BOOK"", ""LAST_SHOCK:THIN_BOOK"", ""DATA:LIVE"", ""BOOK_SHA1:028fadea45"", ""EXEC:PAPER""]",0.0,0.0,0.0,0,False,,,,,,,,,,,BSM_BINARY_ND2,0.65,0.045,-0.6921130040148499,0.2339567781292181,0.2444331829143413,0.9571400058690291,PV_DISCOUNTED,384014.0,192007.0,0.5,0.51,0.49,0.5
1768059548958,v1.1,KXBTCMAXY-26DEC31-119999.99,1768059548958,1798779540000,UNKNOWN,COINBASE,https://api.exchange.coinbase.com/products/BTC-USD/ticker,KALSHI,KXBTCMAXY-26DEC31-119999.99,90510.515,True,RESOLUTION_UNKNOWN,2682,0.5,0.51,0.49,0.5,True,,0,0.51,0.5,0.23395677739924864,-0.27604322260075137,0.223183230178569,2231.83230178569,,198.0198019801982,6976.89,KALSHI_PRICE_THRESHOLD,BTC-USD,,VENUE,drift_bps=1.2|vol_bps=0.2,NO_TRADE,THIN_BOOK,THIN_BOOK,"[""DEPTH_NEAR_USD:6096"", ""THIN_BOOK"", ""LAST_SHOCK:THIN_BOOK"", ""DATA:LIVE"", ""BOOK_SHA1:0fe5783aeb"", ""EXEC:PAPER""]",0.0,0.0,0.0,0,False,,,,,,,,,,,BSM_BINARY_ND2,0.65,0.045,-0.692113007833795,0.23395677739924864,0.24443318171529616,0.9571400075778177,PV_DISCOUNTED,383782.0,191891.0,0.5,0.51,0.49,0.5
1768059550179,v1.1,KXBTCMAXY-26DEC31-119999.99,1768059550179,1798779540000,UNKNOWN,COINBASE,https://api.exchange.coinbase.com/products/BTC-USD/ticker,KALSHI,KXBTCMAXY-26DEC31-119999.99,90510.515,True,RESOLUTION_UNKNOWN,1501,0.5,0.51,0.49,0.5,True,,0,0.51,0.5,0.23395677668735354,-0.27604322331264647,0.2231832325569425,2231.832325569425,,198.0198019801982,6976.89,KALSHI_PRICE_THRESHOLD,BTC-USD,,VENUE,drift_bps=1.2|vol_bps=0.2,NO_TRADE,THIN_BOOK,THIN_BOOK,"[""DEPTH_NEAR_USD:6096"", ""THIN_BOOK"", ""LAST_SHOCK:THIN_BOOK"", ""DATA:LIVE"", ""BOOK_SHA1:0fe5783aeb"", ""EXEC:PAPER""]",0.0,0.0,0.0,0,False,,,,,,,,,,,BSM_BINARY_ND2,0.65,0.045,-0.6921130115581817,0.23395677668735354,0.24443318054593982,0.9571400092442961,PV_DISCOUNTED,383782.0,191891.0,0.5,0.51,0.49,0.5
1768059551479,v1.1,KXBTCMAXY-26DEC31-119999.99,1768059551479,1798779540000,UNKNOWN,COINBASE,https://api.exchange.coinbase.com/products/BTC-USD/ticker,KALSHI,KXBTCMAXY-26DEC31-119999.99,90510.515,True,RESOLUTION_UNKNOWN,1288,0.5,0.51,0.49,0.5,True,,0,0.51,0.5,0.23395677592939781,-0.2760432240706022,0.22318323508919957,2231.8323508919957,,198.0198019801982,6976.89,KALSHI_PRICE_THRESHOLD,BTC-USD,,VENUE,drift_bps=1.2|vol_bps=0.2,NO_TRADE,THIN_BOOK,THIN_BOOK,"[""DEPTH_NEAR_USD:6096"", ""THIN_BOOK"", ""LAST_SHOCK:THIN_BOOK"", ""DATA:LIVE"", ""BOOK_SHA1:0fe5783aeb"", ""EXEC:PAPER""]",0.0,0.0,0.0,0,False,,,,,,,,,,,BSM_BINARY_ND2,0.65,0.045,-0.6921130155235409,0.23395677592939781,0.24443317930092467,0.9571400110185974,PV_DISCOUNTED,383782.0,191891.0,0.5,0.51,0.49,0.5
1768059552691,v1.1,KXBTCMAXY-26DEC31-119999.99,1768059552691,1798779540000,UNKNOWN,COINBASE,https://api.exchange.coinbase.com/products/BTC-USD/ticker,KALSHI,KXBTCMAXY-26DEC31-119999.99,90510.515,True,RESOLUTION_UNKNOWN,779,0.5,0.51,0.49,0.5,True,,0,0.51,0.5,0.23395677522274982,-0.2760432247772502,0.22318323745004232,2231.832374500423,,198.0198019801982,6976.89,KALSHI_PRICE_THRESHOLD,BTC-USD,,VENUE,drift_bps=1.2|vol_bps=0.2,NO_TRADE,THIN_BOOK,THIN_BOOK,"[""DEPTH_NEAR_USD:6096"", ""THIN_BOOK"", ""LAST_SHOCK:THIN_BOOK"", ""DATA:LIVE"", ""BOOK_SHA1:0fe5783aeb"", ""EXEC:PAPER""]",0.0,0.0,0.0,0,False,,,,,,,,,,,BSM_BINARY_ND2,0.65,0.045,-0.6921130192204761,0.23395677522274982,0.2444331781401874,0.9571400126727921,PV_DISCOUNTED,383782.0,191891.0,0.5,0.51,0.49,0.5
1768059553934,v1.1,KXBTCMAXY-26DEC31-119999.99,1768059553934,1798779540000,UNKNOWN,COINBASE,https://api.exchange.coinbase.com/products/BTC-USD/ticker,KALSHI,KXBTCMAXY-26DEC31-119999.99,90510.515,True,RESOLUTION_UNKNOWN,2003,0.5,0.51,0.49,0.5,True,,0,0.51,0.5,0.2339567744980273,-0.2760432255019727,0.22318323987126987,2231.8323987126987,,198.0198019801982,6976.89,KALSHI_PRICE_THRESHOLD,BTC-USD,,VENUE,drift_bps=1.2|vol_bps=0.2,NO_TRADE,THIN_BOOK,THIN_BOOK,"[""DEPTH_NEAR_USD:6096"", ""THIN_BOOK"", ""LAST_SHOCK:THIN_BOOK"", ""DATA:LIVE"", ""BOOK_SHA1:0fe5783aeb"", ""EXEC:PAPER""]",0.0,0.0,0.0,0,False,,,,,,,,,,,BSM_BINARY_ND2,0.65,0.045,-0.6921130230119704,0.2339567744980273,0.24443317694976108,0.9571400143692972,PV_DISCOUNTED,383782.0,191891.0,0.5,0.51,0.49,0.5
1768059555162,v1.1,KXBTCMAXY-26DEC31-119999.99,1768059555162,1798779540000,UNKNOWN,COINBASE,https://api.exchange.coinbase.com/products/BTC-USD/ticker,KALSHI,KXBTCMAXY-26DEC31-119999.99,90510.515,True,RESOLUTION_UNKNOWN,3213,0.5,0.51,0.49,0.5,True,,0,0.51,0.5,0.23395677378205032,-0.2760432262179497,0.22318324226327912,2231.8324226327913,,198.0198019801982,6976.89,KALSHI_PRICE_THRESHOLD,BTC-USD,,VENUE,drift_bps=1.2|vol_bps=0.2,NO_TRADE,THIN_BOOK,THIN_BOOK,"[""DEPTH_NEAR_USD:6096"", ""THIN_BOOK"", ""LAST_SHOCK:THIN_BOOK"", ""DATA:LIVE"", ""BOOK_SHA1:0fe5783aeb"", ""EXEC:PAPER""]",0.0,0.0,0.0,0,False,,,,,,,,,,,BSM_BINARY_ND2,0.65,0.045,-0.6921130267577109,0.23395677378205032,0.24443317577370027,0.9571400160453295,PV_DISCOUNTED,383782.0,191891.0,0.5,0.51,0.49,0.5
1768059556371,v1.1,KXBTCMAXY-26DEC31-119999.99,1768059556371,1798779540000,UNKNOWN,COINBASE,https://api.exchange.coinbase.com/products/BTC-USD/ticker,KALSHI,KXBTCMAXY-26DEC31-119999.99,90510.515,True,RESOLUTION_UNKNOWN,946,0.5,0.51,0.49,0.5,True,,0,0.51,0.5,0.23395677307715101,-0.276043226922849,0.22318324461827865,2231.8324461827865,,198.0198019801982,6976.89,KALSHI_PRICE_THRESHOLD,BTC-USD,,VENUE,drift_bps=1.2|vol_bps=0.2,NO_TRADE,THIN_BOOK,THIN_BOOK,"[""DEPTH_NEAR_USD:6096"", ""THIN_BOOK"", ""LAST_SHOCK:THIN_BOOK"", ""DATA:LIVE"", ""BOOK_SHA1:0fe5783aeb"", ""EXEC:PAPER""]",0.0,0.0,0.0,0,False,,,,,,,,,,,BSM_BINARY_ND2,0.65,0.045,-0.6921130304454965,0.23395677307715101,0.2444331746158357,0.9571400176954297,PV_DISCOUNTED,383782.0,191891.0,0.5,0.51,0.49,0.5
1768059557611,v1.1,KXBTCMAXY-26DEC31-119999.99,1768059557611,1798779540000,UNKNOWN,COINBASE,https://api.exchange.coinbase.com/products/BTC-USD/ticker,KALSHI,KXBTCMAXY-26DEC31-119999.99,90510.515,True,RESOLUTION_UNKNOWN,1094,0.5,0.51,0.49,0.5,True,,0,0.51,0.5,0.23395677235417722,-0.2760432276458228,0.223183247033663,2231.8324703366297,,198.0198019801982,6976.89,KALSHI_PRICE_THRESHOLD,BTC-USD,,VENUE,drift_bps=1.2|vol_bps=0.2,NO_TRADE,THIN_BOOK,THIN_BOOK,"[""DEPTH_NEAR_USD:6096"", ""THIN_BOOK"", ""LAST_SHOCK:THIN_BOOK"", ""DATA:LIVE"", ""BOOK_SHA1:0fe5783aeb"", ""EXEC:PAPER""]",0.0,0.0,0.0,0,False,,,,,,,,,,,BSM_BINARY_ND2,0.65,0.045,-0.6921130342278414,0.23395677235417722,0.24443317342828208,0.9571400193878402,PV_DISCOUNTED,383782.0,191891.0,0.5,0.51,0.49,0.5
1768059558832,v1.1,KXBTCMAXY-26DEC31-119999.99,1768059558832,1798779540000,UNKNOWN,COINBASE,https://api.exchange.coinbase.com/products/BTC-USD/ticker,KALSHI,KXBTCMAXY-26DEC31-119999.99,90510.515,True,RESOLUTION_UNKNOWN,1286,0.5,0.51,0.49,0.5,True,,0,0.51,0.5,0.23395677164228115,-0.2760432283577189,0.22318324941203738,2231.8324941203737,,198.0198019801982,6976.89,KALSHI_PRICE_THRESHOLD,BTC-USD,,VENUE,drift_bps=1.2|vol_bps=0.2,NO_TRADE,THIN_BOOK,THIN_BOOK,"[""DEPTH_NEAR_USD:6096"", ""THIN_BOOK"", ""LAST_SHOCK:THIN_BOOK"", ""DATA:LIVE"", ""BOOK_SHA1:0fe5783aeb"", ""EXEC:PAPER""]",0.0,0.0,0.0,0,False,,,,,,,,,,,BSM_BINARY_ND2,0.65,0.045,-0.6921130379522311,0.23395677164228115,0.2444331722589248,0.9571400210543185,PV_DISCOUNTED,383782.0,191891.0,0.5,0.51,0.49,0.5
1768059560083,v1.1,KXBTCMAXY-26DEC31-119999.99,1768059560083,1798779540000,UNKNOWN,COINBASE,https://api.exchange.coinbase.com/products/BTC-USD/ticker,KALSHI,KXBTCMAXY-26DEC31-119999.99,90510.515,True,RESOLUTION_UNKNOWN,994,0.5,0.51,0.49,0.5,True,,0,0.51,0.5,0.23395677091289366,-0.2760432290871063,0.22318325184884868,2231.832518488487,,198.0198019801982,7033.7300000000005,KALSHI_PRICE_THRESHOLD,BTC-USD,,VENUE,drift_bps=1.2|vol_bps=0.2,NO_TRADE,THIN_BOOK,THIN_BOOK,"[""DEPTH_NEAR_USD:6156"", ""THIN_BOOK"", ""LAST_SHOCK:THIN_BOOK"", ""DATA:LIVE"", ""BOOK_SHA1:028fadea45"", ""EXEC:PAPER""]",0.0,0.0,0.0,0,False,,,,,,,,,,,BSM_BINARY_ND2,0.65,0.045,-0.6921130417681298,0.23395677091289366,0.24443317106083623,0.9571400227617424,PV_DISCOUNTED,384014.0,192007.0,0.5,0.51,0.49,0.5
1768059561346,v1.1,KXBTCMAXY-26DEC31-119999.99,1768059561346,1798779540000,UNKNOWN,COINBASE,https://api.exchange.coinbase.com/products/BTC-USD/ticker,KALSHI,KXBTCMAXY-26DEC31-119999.99,90510.515,True,RESOLUTION_UNKNOWN,2152,0.5,0.51,0.49,0.5,True,,0,0.51,0.5,0.2339567701765095,-0.2760432298234905,0.22318325430903485,2231.8325430903487,,198.0198019801982,6976.89,KALSHI_PRICE_THRESHOLD,BTC-USD,,VENUE,drift_bps=1.2|vol_bps=0.2,NO_TRADE,THIN_BOOK,THIN_BOOK,"[""DEPTH_NEAR_USD:6096"", ""THIN_BOOK"", ""LAST_SHOCK:THIN_BOOK"", ""DATA:LIVE"", ""BOOK_SHA1:0fe5783aeb"", ""EXEC:PAPER""]",0.0,0.0,0.0,0,False,,,,,,,,,,,BSM_BINARY_ND2,0.65,0.045,-0.6921130456206323,0.2339567701765095,0.24443316985125507,0.9571400244855444,PV_DISCOUNTED,383782.0,191891.0,0.5,0.51,0.49,0.5
1768059562579,v1.1,KXBTCMAXY-26DEC31-119999.99,1768059562579,1798779540000,UNKNOWN,COINBASE,https://api.exchange.coinbase.com/products/BTC-USD/ticker,KALSHI,KXBTCMAXY-26DEC31-119999.99,90510.515,True,RESOLUTION_UNKNOWN,2096,0.5,0.51,0.49,0.5,True,,0,0.51,0.5,0.23395676945761648,-0.27604323054238356,0.22318325671078443,2231.832567107844,,198.0198019801982,6976.89,KALSHI_PRICE_THRESHOLD,BTC-USD,,VENUE,drift_bps=1.2|vol_bps=0.2,NO_TRADE,THIN_BOOK,THIN_BOOK,"[""DEPTH_NEAR_USD:6096"", ""THIN_BOOK"", ""LAST_SHOCK:THIN_BOOK"", ""DATA:LIVE"", ""BOOK_SHA1:0fe5783aeb"", ""EXEC:PAPER""]",0.0,0.0,0.0,0,False,,,,,,,,,,,BSM_BINARY_ND2,0.65,0.045,-0.6921130493816269,0.23395676945761648,0.24443316867040488,0.9571400261684009,PV_DISCOUNTED,383782.0,191891.0,0.5,0.51,0.49,0.5
1768059563783,v1.1,KXBTCMAXY-26DEC31-119999.99,1768059563783,1798779540000,UNKNOWN,COINBASE,https://api.exchange.coinbase.com/products/BTC-USD/ticker,KALSHI,KXBTCMAXY-26DEC31-119999.99,90510.515,True,RESOLUTION_UNKNOWN,587,0.5,0.51,0.49,0.5,True,,0,0.51,0.5,0.23395676875563168,-0.27604323124436836,0.2231832590560453,2231.832590560453,,198.0198019801982,6976.89,KALSHI_PRICE_THRESHOLD,BTC-USD,,VENUE,drift_bps=1.2|vol_bps=0.2,NO_TRADE,THIN_BOOK,THIN_BOOK,"[""DEPTH_NEAR_USD:6096"", ""THIN_BOOK"", ""LAST_SHOCK:THIN_BOOK"", ""DATA:LIVE"", ""BOOK_SHA1:0fe5783aeb"", ""EXEC:PAPER""]",0.0,0.0,0.0,0,False,,,,,,,,,,,BSM_BINARY_ND2,0.65,0.045,-0.6921130530541636,0.23395676875563168,0.24443316751732808,0.957140027811677,PV_DISCOUNTED,383782.0,191891.0,0.5,0.51,0.49,0.5
1768059565006,v1.1,KXBTCMAXY-26DEC31-119999.99,1768059565006,1798779540000,UNKNOWN,COINBASE,https://api.exchange.coinbase.com/products/BTC-USD/ticker,KALSHI,KXBTCMAXY-26DEC31-119999.99,90510.515,True,RESOLUTION_UNKNOWN,1021,0.5,0.51,0.49,0.5,True,,0,0.51,0.5,0.23395676804256893,-0.2760432319574311,0.22318326143831602,2231.83261438316,,198.0198019801982,6976.89,KALSHI_PRICE_THRESHOLD,BTC-USD,,VENUE,drift_bps=1.2|vol_bps=0.2,NO_TRADE,THIN_BOOK,THIN_BOOK,"[""DEPTH_NEAR_USD:6096"", ""THIN_BOOK"", ""LAST_SHOCK:THIN_BOOK"", ""DATA:LIVE"", ""BOOK_SHA1:0fe5783aeb"", ""EXEC:PAPER""]",0.0,0.0,0.0,0,False,,,,,,,,,,,BSM_BINARY_ND2,0.65,0.045,-0.692113056784656,0.23395676804256893,0.24443316634605478,0.957140029480885,PV_DISCOUNTED,383782.0,191891.0,0.5,0.51,0.49,0.5
1768059566231,v1.1,KXBTCMAXY-26DEC31-119999.99,1768059566231,1798779540000,UNKNOWN,COINBASE,https://api.exchange.coinbase.com/products/BTC-USD/ticker,KALSHI,KXBTCMAXY-26DEC31-119999.99,90510.515,True,RESOLUTION_UNKNOWN,1292,0.5,0.51,0.49,0.5,True,,0,0.51,0.5,0.2339567673283399,-0.2760432326716601,0.22318326382448284,2231.8326382448286,,198.0198019801982,6976.89,KALSHI_PRICE_THRESHOLD,BTC-USD,,VENUE,drift_bps=1.2|vol_bps=0.2,NO_TRADE,THIN_BOOK,THIN_BOOK,"[""DEPTH_NEAR_USD:6096"", ""THIN_BOOK"", ""LAST_SHOCK:THIN_BOOK"", ""DATA:LIVE"", ""BOOK_SHA1:0fe5783aeb"", ""EXEC:PAPER""]",0.0,0.0,0.0,0,False,,,,,,,,,,,BSM_BINARY_ND2,0.65,0.045,-0.6921130605212497,0.2339567673283399,0.24443316517286584,0.9571400311528228,PV_DISCOUNTED,383782.0,191891.0,0.5,0.51,0.49,0.5
1768059567440,v1.1,KXBTCMAXY-26DEC31-119999.99,1768059567440,1798779540000,UNKNOWN,COINBASE,https://api.exchange.coinbase.com/products/BTC-USD/ticker,KALSHI,KXBTCMAXY-26DEC31-119999.99,90510.515,True,RESOLUTION_UNKNOWN,1353,0.5,0.51,0.49,0.5,True,,0,0.51,0.5,0.23395676662343945,-0.27604323337656056,0.22318326617948359,2231.832661794836,,198.0198019801982,6976.89,KALSHI_PRICE_THRESHOLD,BTC-USD,,VENUE,drift_bps=1.2|vol_bps=0.2,NO_TRADE,THIN_BOOK,THIN_BOOK,"[""DEPTH_NEAR_USD:6096"", ""THIN_BOOK"", ""LAST_SHOCK:THIN_BOOK"", ""DATA:LIVE"", ""BOOK_SHA1:0fe5783aeb"", ""EXEC:PAPER""]",0.0,0.0,0.0,0,False,,,,,,,,,,,BSM_BINARY_ND2,0.65,0.045,-0.6921130642090391,0.23395676662343945,0.2444331640150001,0.957140032802923,PV_DISCOUNTED,383782.0,191891.0,0.5,0.51,0.49,0.5
1768059568650,v1.1,KXBTCMAXY-26DEC31-119999.99,1768059568650,1798779540000,UNKNOWN,COINBASE,https://api.exchange.coinbase.com/products/BTC-USD/ticker,KALSHI,KXBTCMAXY-26DEC31-119999.99,90522.005,True,RESOLUTION_UNKNOWN,281,0.5,0.51,0.49,0.5,True,,0,0.51,0.5,0.23401625249299987,-0.27598374750700017,0.22312378196138827,2231.2378196138825,,198.0198019801982,6976.89,KALSHI_PRICE_THRESHOLD,BTC-USD,,VENUE,drift_bps=2.5|vol_bps=0.2,NO_TRADE,THIN_BOOK,THIN_BOOK,"[""DEPTH_NEAR_USD:6096"", ""THIN_BOOK"", ""LAST_SHOCK:THIN_BOOK"", ""DATA:LIVE"", ""BOOK_SHA1:0fe5783aeb"", ""EXEC:PAPER""]",0.0,0.0,0.0,0,False,,,,,,,,,,,BSM_BINARY_ND2,0.65,0.045,-0.6919151333299655,0.23401625249299987,0.24449531319249374,0.9571400344543881,PV_DISCOUNTED,383782.0,191891.0,0.5,0.51,0.49,0.5
1768059569865,v1.1,KXBTCMAXY-26DEC31-119999.99,1768059569865,1798779540000,UNKNOWN,COINBASE,https://api.exchange.coinbase.com/products/BTC-USD/ticker,KALSHI,KXBTCMAXY-26DEC31-119999.99,90518.24,True,RESOLUTION_UNKNOWN,437,0.5,0.51,0.49,0.5,True,,0,0.51,0.5,0.23399675938236533,-0.2760032406176347,0.2231432767303122,2231.432767303122,,198.0198019801982,6976.89,KALSHI_PRICE_THRESHOLD,BTC-USD,,VENUE,drift_bps=2.0|vol_bps=0.3,NO_TRADE,THIN_BOOK,THIN_BOOK,"[""DEPTH_NEAR_USD:6096"", ""THIN_BOOK"", ""LAST_SHOCK:THIN_BOOK"", ""DATA:LIVE"", ""BOOK_SHA1:0fe5783aeb"", ""EXEC:PAPER""]",0.0,0.0,0.0,0,False,,,,,,,,,,,BSM_BINARY_ND2,0.65,0.045,-0.6919799927215098,0.23399675938236533,0.24447494677238485,0.9571400361126775,PV_DISCOUNTED,383782.0,191891.0,0.5,0.51,0.49,0.5
1768059571056,v1.1,KXBTCMAXY-26DEC31-119999.99,1768059571056,1798779540000,UNKNOWN,COINBASE,https://api.exchange.coinbase.com/products/BTC-USD/ticker,KALSHI,KXBTCMAXY-26DEC31-119999.99,90518.24,True,RESOLUTION_UNKNOWN,1645,0.5,0.51,0.49,0.5,True,,0,0.51,0.5,0.233996758688702,-0.276003241311298,0.22314327904950848,2231.4327904950846,,198.0198019801982,6976.89,KALSHI_PRICE_THRESHOLD,BTC-USD,,VENUE,drift_bps=2.0|vol_bps=0.3,NO_TRADE,THIN_BOOK,THIN_BOOK,"[""DEPTH_NEAR_USD:6096"", ""THIN_BOOK"", ""LAST_SHOCK:THIN_BOOK"", ""DATA:LIVE"", ""BOOK_SHA1:0fe5783aeb"", ""EXEC:PAPER""]",0.0,0.0,0.0,0,False,,,,,,,,,,,BSM_BINARY_ND2,0.65,0.045,-0.6919799963518156,0.233996758688702,0.24447494563246241,0.9571400377382104,PV_DISCOUNTED,383782.0,191891.0,0.5,0.51,0.49,0.5
1768059572267,v1.1,KXBTCMAXY-26DEC31-119999.99,1768059572267,1798779540000,UNKNOWN,COINBASE,https://api.exchange.coinbase.com/products/BTC-USD/ticker,KALSHI,KXBTCMAXY-26DEC31-119999.99,90519.0,True,RESOLUTION_UNKNOWN,1398,0.5,0.51,0.49,0.5,True,,0,0.51,0.5,0.23400069269990925,-0.27599930730009076,0.2231393466911311,2231.393466911311,,198.0198019801982,6976.89,KALSHI_PRICE_THRESHOLD,BTC-USD,,VENUE,drift_bps=2.1|vol_bps=0.3,NO_TRADE,THIN_BOOK,THIN_BOOK,"[""DEPTH_NEAR_USD:6096"", ""THIN_BOOK"", ""LAST_SHOCK:THIN_BOOK"", ""DATA:LIVE"", ""BOOK_SHA1:0fe5783aeb"", ""EXEC:PAPER""]",0.0,0.0,0.0,0,False,,,,,,,,,,,BSM_BINARY_ND2,0.65,0.045,-0.6919669081057672,0.23400069269990925,0.24447905538335551,0.9571400393910404,PV_DISCOUNTED,383782.0,191891.0,0.5,0.51,0.49,0.5
1768059573527,v1.1,KXBTCMAXY-26DEC31-119999.99,1768059573527,1798779540000,UNKNOWN,COINBASE,https://api.exchange.coinbase.com/products/BTC-USD/ticker,KALSHI,KXBTCMAXY-26DEC31-119999.99,90518.19,True,RESOLUTION_UNKNOWN,1762,0.5,0.51,0.49,0.5,True,,0,0.51,0.5,0.2339964983866971,-0.2760035016133029,0.2231435427240508,2231.435427240508,,198.0198019801982,6976.89,KALSHI_PRICE_THRESHOLD,BTC-USD,,VENUE,drift_bps=2.0|vol_bps=0.3,NO_TRADE,THIN_BOOK,THIN_BOOK,"[""DEPTH_NEAR_USD:6096"", ""THIN_BOOK"", ""LAST_SHOCK:THIN_BOOK"", ""DATA:LIVE"", ""BOOK_SHA1:0fe5783aeb"", ""EXEC:PAPER""]",0.0,0.0,0.0,0,False,,,,,,,,,,,BSM_BINARY_ND2,0.65,0.045,-0.6919808651992481,0.2339964983866971,0.2444746728129223,0.9571400411107479,PV_DISCOUNTED,383782.0,191891.0,0.5,0.51,0.49,0.5
1768059574762,v1.1,KXBTCMAXY-26DEC31-119999.99,1768059574762,1798779540000,UNKNOWN,COINBASE,https://api.exchange.coinbase.com/products/BTC-USD/ticker,KALSHI,KXBTCMAXY-26DEC31-119999.99,90518.18,True,RESOLUTION_UNKNOWN,1155,0.5,0.51,0.49,0.5,True,,0,0.51,0.5,0.23399644589483368,-0.2760035541051663,0.22314359690150043,2231.4359690150045,,198.0198019801982,6976.89,KALSHI_PRICE_THRESHOLD,BTC-USD,,VENUE,drift_bps=2.0|vol_bps=0.3,NO_TRADE,THIN_BOOK,THIN_BOOK,"[""DEPTH_NEAR_USD:6096"", ""THIN_BOOK"", ""LAST_SHOCK:THIN_BOOK"", ""DATA:LIVE"", ""BOOK_SHA1:0fe5783aeb"", ""EXEC:PAPER""]",0.0,0.0,0.0,0,False,,,,,,,,,,,BSM_BINARY_ND2,0.65,0.045,-0.6919810412268577,0.23399644589483368,0.2444746175399798,0.9571400427963341,PV_DISCOUNTED,383782.0,191891.0,0.5,0.51,0.49,0.5
1768059576013,v1.1,KXBTCMAXY-26DEC31-119999.99,1768059576013,1798779540000,UNKNOWN,COINBASE,https://api.exchange.coinbase.com/products/BTC-USD/ticker,KALSHI,KXBTCMAXY-26DEC31-119999.99,90518.19,True,RESOLUTION_UNKNOWN,1340,0.5,0.51,0.49,0.5,True,,0,0.51,0.5,0.2339964969387877,-0.2760035030612123,0.22314354756497035,2231.4354756497037,,198.0198019801982,6976.89,KALSHI_PRICE_THRESHOLD,BTC-USD,,VENUE,drift_bps=2.0|vol_bps=0.3,NO_TRADE,THIN_BOOK,THIN_BOOK,"[""DEPTH_NEAR_USD:6096"", ""THIN_BOOK"", ""LAST_SHOCK:THIN_BOOK"", ""DATA:LIVE"", ""BOOK_SHA1:0fe5783aeb"", ""EXEC:PAPER""]",0.0,0.0,0.0,0,False,,,,,,,,,,,BSM_BINARY_ND2,0.65,0.045,-0.6919808727769018,0.2339964969387877,0.2444746704335271,0.957140044503758,PV_DISCOUNTED,383782.0,191891.0,0.5,0.51,0.49,0.5
1768059577226,v1.1,KXBTCMAXY-26DEC31-119999.99,1768059577226,1798779540000,UNKNOWN,COINBASE,https://api.exchange.coinbase.com/products/BTC-USD/ticker,KALSHI,KXBTCMAXY-26DEC31-119999.99,90518.185,True,RESOLUTION_UNKNOWN,814,0.5,0.51,0.49,0.5,True,,0,0.51,0.5,0.23399647034602042,-0.27600352965397956,0.22314357581329725,2231.4357581329723,,198.0198019801982,6976.89,KALSHI_PRICE_THRESHOLD,BTC-USD,,VENUE,drift_bps=2.0|vol_bps=0.3,NO_TRADE,THIN_BOOK,THIN_BOOK,"[""DEPTH_NEAR_USD:6096"", ""THIN_BOOK"", ""LAST_SHOCK:THIN_BOOK"", ""DATA:LIVE"", ""BOOK_SHA1:0fe5783aeb"", ""EXEC:PAPER""]",0.0,0.0,0.0,0,False,,,,,,,,,,,BSM_BINARY_ND2,0.65,0.045,-0.6919809626058706,0.23399647034602042,0.24447464222709087,0.9571400461593177,PV_DISCOUNTED,383782.0,191891.0,0.5,0.51,0.49,0.5
1768059578437,v1.1,KXBTCMAXY-26DEC31-119999.99,1768059578437,1798779540000,UNKNOWN,COINBASE,https://api.exchange.coinbase.com/products/BTC-USD/ticker,KALSHI,KXBTCMAXY-26DEC31-119999.99,90516.98999999999,True,RESOLUTION_UNKNOWN,2045,0.5,0.51,0.49,0.5,True,,0,0.51,0.5,0.2339902828216823,-0.2760097171783177,0.22314976499046535,2231.4976499046534,,198.0198019801982,6976.89,KALSHI_PRICE_THRESHOLD,BTC-USD,,VENUE,drift_bps=1.9|vol_bps=0.3,NO_TRADE,THIN_BOOK,THIN_BOOK,"[""DEPTH_NEAR_USD:6096"", ""THIN_BOOK"", ""LAST_SHOCK:THIN_BOOK"", ""DATA:LIVE"", ""BOOK_SHA1:0fe5783aeb"", ""EXEC:PAPER""]",0.0,0.0,0.0,0,False,,,,,,,,,,,BSM_BINARY_ND2,0.65,0.045,-0.6920015518828446,0.2339902828216823,0.24446817720828062,0.9571400478121477,PV_DISCOUNTED,383782.0,191891.0,0.5,0.51,0.49,0.5
1768059579667,v1.1,KXBTCMAXY-26DEC31-119999.99,1768059579667,1798779540000,UNKNOWN,COINBASE,https://api.exchange.coinbase.com/products/BTC-USD/ticker,KALSHI,KXBTCMAXY-26DEC31-119999.99,90516.975,True,RESOLUTION_UNKNOWN,3293,0.5,0.51,0.49,0.5,True,,0,0.51,0.5,0.23399020444640303,-0.27600979555359695,0.22314984504450663,2231.4984504450663,,198.0198019801982,6976.89,KALSHI_PRICE_THRESHOLD,BTC-USD,,VENUE,drift_bps=1.9|vol_bps=0.3,NO_TRADE,THIN_BOOK,THIN_BOOK,"[""DEPTH_NEAR_USD:6096"", ""THIN_BOOK"", ""LAST_SHOCK:THIN_BOOK"", ""DATA:LIVE"", ""BOOK_SHA1:0fe5783aeb"", ""EXEC:PAPER""]",0.0,0.0,0.0,0,False,,,,,,,,,,,BSM_BINARY_ND2,0.65,0.045,-0.6920018140306662,0.23399020444640303,0.24446809489463886,0.9571400494909097,PV_DISCOUNTED,383782.0,191891.0,0.5,0.51,0.49,0.5
1768059580915,v1.1,KXBTCMAXY-26DEC31-119999.99,1768059580915,1798779540000,UNKNOWN,COINBASE,https://api.exchange.coinbase.com/products/BTC-USD/ticker,KALSHI,KXBTCMAXY-26DEC31-119999.99,90516.965,True,RESOLUTION_UNKNOWN,864,0.5,0.51,0.49,0.5,True,,0,0.51,0.5,0.23399015194689501,-0.276009848053105,0.22314989924734407,2231.498992473441,,198.0198019801982,6976.89,KALSHI_PRICE_THRESHOLD,BTC-USD,,VENUE,drift_bps=1.9|vol_bps=0.3,NO_TRADE,THIN_BOOK,THIN_BOOK,"[""DEPTH_NEAR_USD:6096"", ""THIN_BOOK"", ""LAST_SHOCK:THIN_BOOK"", ""DATA:LIVE"", ""BOOK_SHA1:0fe5783aeb"", ""EXEC:PAPER""]",0.0,0.0,0.0,0,False,,,,,,,,,,,BSM_BINARY_ND2,0.65,0.045,-0.6920019901006584,0.23399015194689501,0.2444680396091896,0.9571400511942391,PV_DISCOUNTED,383782.0,191891.0,0.5,0.51,0.49,0.5
1768059582125,v1.1,KXBTCMAXY-26DEC31-119999.99,1768059582125,1798779540000,UNKNOWN,COINBASE,https://api.exchange.coinbase.com/products/BTC-USD/ticker,KALSHI,KXBTCMAXY-26DEC31-119999.99,90516.965,True,RESOLUTION_UNKNOWN,2060,0.5,0.51,0.49,0.5,True,,0,0.51,0.5,0.23399015124203998,-0.27600984875796003,0.2231499016036642,2231.499016036642,,198.0198019801982,6976.89,KALSHI_PRICE_THRESHOLD,BTC-USD,,VENUE,drift_bps=1.9|vol_bps=0.3,NO_TRADE,THIN_BOOK,THIN_BOOK,"[""DEPTH_NEAR_USD:6096"", ""THIN_BOOK"", ""LAST_SHOCK:THIN_BOOK"", ""DATA:LIVE"", ""BOOK_SHA1:0fe5783aeb"", ""EXEC:PAPER""]",0.0,0.0,0.0,0,False,,,,,,,,,,,BSM_BINARY_ND2,0.65,0.045,-0.6920019937893149,0.23399015124203998,0.2444680384509626,0.9571400528457041,PV_DISCOUNTED,383782.0,191891.0,0.5,0.51,0.49,0.5
1768059583324,v1.1,KXBTCMAXY-26DEC31-119999.99,1768059583324,1798779540000,UNKNOWN,COINBASE,https://api.exchange.coinbase.com/products/BTC-USD/ticker,KALSHI,KXBTCMAXY-26DEC31-119999.99,90516.94,True,RESOLUTION_UNKNOWN,1781,0.5,0.51,0.49,0.5,True,,0,0.51,0.5,0.23399002111229433,-0.2760099788877057,0.22315003336986172,2231.5003336986174,,198.0198019801982,6976.89,KALSHI_PRICE_THRESHOLD,BTC-USD,,VENUE,drift_bps=1.9|vol_bps=0.3,NO_TRADE,THIN_BOOK,THIN_BOOK,"[""DEPTH_NEAR_USD:6096"", ""THIN_BOOK"", ""LAST_SHOCK:THIN_BOOK"", ""DATA:LIVE"", ""BOOK_SHA1:0fe5783aeb"", ""EXEC:PAPER""]",0.0,0.0,0.0,0,False,,,,,,,,,,,BSM_BINARY_ND2,0.65,0.045,-0.6920024281082823,0.23399002111229433,0.24446790207613928,0.957140054482156,PV_DISCOUNTED,383782.0,191891.0,0.5,0.51,0.49,0.5
1768059584516,v1.1,KXBTCMAXY-26DEC31-119999.99,1768059584516,1798779540000,UNKNOWN,COINBASE,https://api.exchange.coinbase.com/products/BTC-USD/ticker,KALSHI,KXBTCMAXY-26DEC31-119999.99,90516.94,True,RESOLUTION_UNKNOWN,1497,0.5,0.51,0.49,0.5,True,,0,0.51,0.5,0.23399002041792208,-0.27600997958207796,0.2231500356911318,2231.500356911318,,198.0198019801982,6976.89,KALSHI_PRICE_THRESHOLD,BTC-USD,,VENUE,drift_bps=1.9|vol_bps=0.3,NO_TRADE,THIN_BOOK,THIN_BOOK,"[""DEPTH_NEAR_USD:6096"", ""THIN_BOOK"", ""LAST_SHOCK:THIN_BOOK"", ""DATA:LIVE"", ""BOOK_SHA1:0fe5783aeb"", ""EXEC:PAPER""]",0.0,0.0,0.0,0,False,,,,,,,,,,,BSM_BINARY_ND2,0.65,0.045,-0.6920024317420754,0.23399002041792208,0.24446790093513954,0.9571400561090538,PV_DISCOUNTED,383782.0,191891.0,0.5,0.51,0.49,0.5
1768059585724,v1.1,KXBTCMAXY-26DEC31-119999.99,1768059585724,1798779540000,UNKNOWN,COINBASE,https://api.exchange.coinbase.com/products/BTC-USD/ticker,KALSHI,KXBTCMAXY-26DEC31-119999.99,90516.915,True,RESOLUTION_UNKNOWN,2700,0.5,0.51,0.49,0.5,True,,0,0.51,0.5,0.23398989028292894,-0.2760101097170711,0.22315016747486027,2231.501674748603,,198.0198019801982,6976.89,KALSHI_PRICE_THRESHOLD,BTC-USD,,VENUE,drift_bps=1.9|vol_bps=0.3,NO_TRADE,THIN_BOOK,THIN_BOOK,"[""DEPTH_NEAR_USD:6096"", ""THIN_BOOK"", ""LAST_SHOCK:THIN_BOOK"", ""DATA:LIVE"", ""BOOK_SHA1:0fe5783aeb"", ""EXEC:PAPER""]",0.0,0.0,0.0,0,False,,,,,,,,,,,BSM_BINARY_ND2,0.65,0.045,-0.6920028660886242,0.23398989028292894,0.24446776455169705,0.9571400577577892,PV_DISCOUNTED,383782.0,191891.0,0.5,0.51,0.49,0.5
1768059586923,v1.1,KXBTCMAXY-26DEC31-119999.99,1768059586923,1798779540000,UNKNOWN,COINBASE,https://api.exchange.coinbase.com/products/BTC-USD/ticker,KALSHI,KXBTCMAXY-26DEC31-119999.99,90516.92,True,RESOLUTION_UNKNOWN,3884,0.5,0.51,0.49,0.5,True,,0,0.51,0.5,0.2339899154707367,-0.27601008452926334,0.2231501439235044,2231.501439235044,,198.0198019801982,6976.89,KALSHI_PRICE_THRESHOLD,BTC-USD,,VENUE,drift_bps=1.9|vol_bps=0.3,NO_TRADE,THIN_BOOK,THIN_BOOK,"[""DEPTH_NEAR_USD:6096"", ""THIN_BOOK"", ""LAST_SHOCK:THIN_BOOK"", ""DATA:LIVE"", ""BOOK_SHA1:0fe5783aeb"", ""EXEC:PAPER""]",0.0,0.0,0.0,0,False,,,,,,,,,,,BSM_BINARY_ND2,0.65,0.045,-0.6920027836109587,0.2339899154707367,0.24446779044941996,0.9571400593942411,PV_DISCOUNTED,383782.0,191891.0,0.5,0.51,0.49,0.5
1768059588109,v1.1,KXBTCMAXY-26DEC31-119999.99,1768059588109,1798779540000,UNKNOWN,COINBASE,https://api.exchange.coinbase.com/products/BTC-USD/ticker,KALSHI,KXBTCMAXY-26DEC31-119999.99,90516.945,True,RESOLUTION_UNKNOWN,469,0.5,0.51,0.49,0.5,True,,0,0.51,0.5,0.23399004421116323,-0.2760099557888368,0.2231500168017867,2231.500168017867,,198.0198019801982,6976.89,KALSHI_PRICE_THRESHOLD,BTC-USD,,VENUE,drift_bps=1.9|vol_bps=0.3,NO_TRADE,THIN_BOOK,THIN_BOOK,"[""DEPTH_NEAR_USD:6096"", ""THIN_BOOK"", ""LAST_SHOCK:THIN_BOOK"", ""DATA:LIVE"", ""BOOK_SHA1:0fe5783aeb"", ""EXEC:PAPER""]",0.0,0.0,0.0,0,False,,,,,,,,,,,BSM_BINARY_ND2,0.65,0.045,-0.6920023565624959,0.23399004421116323,0.24446792454129385,0.9571400610129499,PV_DISCOUNTED,383782.0,191891.0,0.5,0.51,0.49,0.5
1768059589351,v1.1,KXBTCMAXY-26DEC31-119999.99,1768059589351,1798779540000,UNKNOWN,COINBASE,https://api.exchange.coinbase.com/products/BTC-USD/ticker,KALSHI,KXBTCMAXY-26DEC31-119999.99,90516.945,True,RESOLUTION_UNKNOWN,654,0.5,0.51,0.49,0.5,True,,0,0.51,0.5,0.2339900434876646,-0.2760099565123354,0.22315001922042554,2231.5001922042557,,198.0198019801982,6976.89,KALSHI_PRICE_THRESHOLD,BTC-USD,,VENUE,drift_bps=1.9|vol_bps=0.3,NO_TRADE,THIN_BOOK,THIN_BOOK,"[""DEPTH_NEAR_USD:6096"", ""THIN_BOOK"", ""LAST_SHOCK:THIN_BOOK"", ""DATA:LIVE"", ""BOOK_SHA1:0fe5783aeb"", ""EXEC:PAPER""]",0.0,0.0,0.0,0,False,,,,,,,,,,,BSM_BINARY_ND2,0.65,0.045,-0.6920023603487132,0.2339900434876646,0.24446792335243334,0.9571400627080902,PV_DISCOUNTED,383782.0,191891.0,0.5,0.51,0.49,0.5
1768059590592,v1.1,KXBTCMAXY-26DEC31-119999.99,1768059590592,1798779540000,UNKNOWN,COINBASE,https://api.exchange.coinbase.com/products/BTC-USD/ticker,KALSHI,KXBTCMAXY-26DEC31-119999.99,90514.31,True,RESOLUTION_UNKNOWN,866,0.5,0.51,0.49,0.5,True,,0,0.51,0.5,0.23397640072014272,-0.2760235992798573,0.2231636636817228,2231.636636817228,,198.0198019801982,6976.89,KALSHI_PRICE_THRESHOLD,BTC-USD,,VENUE,drift_bps=1.6|vol_bps=0.3,NO_TRADE,THIN_BOOK,THIN_BOOK,"[""DEPTH_NEAR_USD:6096"", ""THIN_BOOK"", ""LAST_SHOCK:THIN_BOOK"", ""DATA:LIVE"", ""BOOK_SHA1:0fe5783aeb"", ""EXEC:PAPER""]",0.0,0.0,0.0,0,False,,,,,,,,,,,BSM_BINARY_ND2,0.65,0.045,-0.6920477567708585,0.23397640072014272,0.24445366924051903,0.9571400644018655,PV_DISCOUNTED,383782.0,191891.0,0.5,0.51,0.49,0.5
1768059591839,v1.1,KXBTCMAXY-26DEC31-119999.99,1768059591839,1798779540000,UNKNOWN,COINBASE,https://api.exchange.coinbase.com/products/BTC-USD/ticker,KALSHI,KXBTCMAXY-26DEC31-119999.99,90514.35500000001,True,RESOLUTION_UNKNOWN,2065,0.5,0.51,0.49,0.5,True,,0,0.51,0.5,0.23397663296930085,-0.2760233670306992,0.22316343313452924,2231.6343313452926,,198.0198019801982,6976.89,KALSHI_PRICE_THRESHOLD,BTC-USD,,VENUE,drift_bps=1.6|vol_bps=0.3,NO_TRADE,THIN_BOOK,THIN_BOOK,"[""DEPTH_NEAR_USD:6096"", ""THIN_BOOK"", ""LAST_SHOCK:THIN_BOOK"", ""DATA:LIVE"", ""BOOK_SHA1:0fe5783aeb"", ""EXEC:PAPER""]",0.0,0.0,0.0,0,False,,,,,,,,,,,BSM_BINARY_ND2,0.65,0.045,-0.6920469853557752,0.23397663296930085,0.24445391145491885,0.9571400661038301,PV_DISCOUNTED,383782.0,191891.0,0.5,0.51,0.49,0.5
1768059593038,v1.1,KXBTCMAXY-26DEC31-119999.99,1768059593038,1798779540000,UNKNOWN,COINBASE,https://api.exchange.coinbase.com/products/BTC-USD/ticker,KALSHI,KXBTCMAXY-26DEC31-119999.99,90515.785,True,RESOLUTION_UNKNOWN,2017,0.5,0.51,0.49,0.5,True,,0,0.51,0.5,0.2339840357298142,-0.2760159642701858,0.22315603201046774,2231.5603201046774,,198.0198019801982,6976.89,KALSHI_PRICE_THRESHOLD,BTC-USD,,VENUE,drift_bps=1.8|vol_bps=0.3,NO_TRADE,THIN_BOOK,THIN_BOOK,"[""DEPTH_NEAR_USD:6096"", ""THIN_BOOK"", ""LAST_SHOCK:THIN_BOOK"", ""DATA:LIVE"", ""BOOK_SHA1:0fe5783aeb"", ""EXEC:PAPER""]",0.0,0.0,0.0,0,False,,,,,,,,,,,BSM_BINARY_ND2,0.65,0.045,-0.692022354523689,0.2339840357298142,0.2444616452869104,0.9571400677402819,PV_DISCOUNTED,383782.0,191891.0,0.5,0.51,0.49,0.5
